phases,leaf,mat2vec,if_pareto,pareto_front,elements
Co Cu Fe,0.979,0.248,+,1,Co
Cu Fe Zn,0.909,0.338,+,1,Cu
Co Cu Ni,0.4,0.341,+,1,Co
Cu Fe Mn,1.12,0.433,-,2,Cu
Cr Cu Fe,1.202,0.483,-,3,Cr
Cu Mn Ni,0.582,0.523,-,2,Cu
Cu Fe Zr,1.017,0.567,-,3,Cu
Cr Cu Ni,0.684,0.573,-,3,Cr
Al Fe Sn,0.872,0.574,-,4,Al
Co Fe Zn,0.802,0.598,-,4,Co
Cu Fe Mg,1.023,0.639,-,5,Cu
Fe Mg Ni,0.838,0.662,-,5,Fe
Co Cu Zn,0.413,0.663,-,2,Co
Co Ni Zn,0.161,0.686,+,1,Co
Co Fe Mn,1.022,0.688,-,6,Co
Co Cu Mn,0.674,0.753,-,3,Co
Fe Mn Zn,0.954,0.773,-,6,Fe
Cu Fe Mo,1.301,0.782,-,7,Cu
Fe Ti Zn,1.111,0.792,-,7,Fe
Co Cr Cu,0.772,0.801,-,4,Co
Fe Mo Ni,1.136,0.805,-,8,Fe
Fe Y Zn,0.902,0.815,-,6,Fe
Al Mg Ni,0.451,0.817,-,3,Al
Fe Sn Zn,0.691,0.819,-,4,Fe
Cr Fe Zn,1.041,0.822,-,7,Cr
Ag Cu Fe,1.482,0.823,-,9,Ag
Cu Fe In,0.908,0.825,-,7,Cu
Ag Fe Ni,1.328,0.846,-,9,Ag
Cu Fe Pb,1.182,0.855,-,9,Cu
Bi Cu Fe,1.335,0.868,-,10,Bi
Cu Mo Ni,0.806,0.868,-,5,Cu
Cu Y Zn,0.533,0.878,-,4,Cu
Fe Ni Pb,1.009,0.878,-,8,Fe
Cr Cu Zn,0.696,0.885,-,5,Cr
Co Fe Mg,0.921,0.887,-,8,Co
Al Co Sn,0.365,0.888,-,2,Al
Bi Fe Ni,1.172,0.891,-,9,Bi
Ni Y Zn,0.298,0.9,-,2,Ni
Cr Ni Zn,0.48,0.907,-,4,Cr
Ag Cu Ni,1.023,0.909,-,9,Ag
Cr Fe Mn,1.242,0.91,-,10,Cr
Au Fe Ni,0.9,0.914,-,6,Au
Al Fe In,0.903,0.914,-,7,Al
Cu Ni Pb,0.659,0.941,-,5,Cu
Cu Mn Ti,0.999,0.943,-,9,Cu
Al Fe Pb,1.177,0.944,-,10,Al
Co Cu Mg,0.555,0.95,-,5,Co
Bi Cu Ni,0.847,0.953,-,6,Bi
Al Bi Fe,1.331,0.957,-,11,Al
Cu Mn Y,0.78,0.965,-,6,Cu
Mn Ni Ti,0.812,0.965,-,6,Mn
Fe Mg Zn,0.849,0.97,-,7,Fe
Al Sn Zn,0.271,0.971,-,2,Al
Cr Cu Mn,0.926,0.972,-,9,Cr
Al Au Fe,1.075,0.981,-,10,Al
Cu Ti Y,0.948,0.983,-,10,Cu
Cr Cu Ti,1.085,0.99,-,11,Cr
Ag Al Ni,1.018,0.997,-,11,Ag
Al Cu Pb,0.853,1.006,-,8,Al
Cr Cu Y,0.874,1.012,-,9,Cr
Cr Cu Sn,0.66,1.016,-,6,Cr
Al Bi Cu,1.026,1.019,-,12,Al
Ba Cu Fe,1.169,1.022,-,13,Ba
Co Fe Mo,1.209,1.026,-,14,Co
Al Ni Pb,0.653,1.028,-,6,Al
Al Co Mg,0.549,1.038,-,5,Al
Al Bi Ni,0.842,1.041,-,7,Al
Ba Fe Ni,0.995,1.044,-,11,Ba
Fe Mg Mn,1.065,1.056,-,13,Fe
Al Mn Sn,0.55,1.057,-,6,Al
Al Au Ni,0.524,1.064,-,5,Al
Ag Co Fe,1.396,1.065,-,15,Ag
Cu Fe Nb,1.246,1.068,-,15,Cu
Al Ti Y,0.944,1.071,-,10,Al
Fe Mg Ti,1.216,1.074,-,15,Fe
Co Cu Mo,0.889,1.087,-,10,Co
Cu Y Zr,0.66,1.09,-,7,Cu
Fe Nb Ni,1.078,1.09,-,14,Fe
Cu Fe Sc,1.117,1.091,-,15,Cu
Co Ti Zn,0.662,1.096,-,8,Co
Co Fe Pb,1.086,1.096,-,15,Co
Al Sn Y,0.488,1.096,-,5,Al
Fe Mg Y,1.016,1.096,-,12,Fe
Fe Mg Sn,0.816,1.1,-,9,Fe
Al Cr Sn,0.654,1.103,-,7,Al
Cr Fe Mg,1.149,1.103,-,16,Cr
Ba Cu Ni,0.643,1.105,-,7,Ba
Fe Mo Zn,1.146,1.107,-,16,Fe
Bi Co Fe,1.244,1.109,-,17,Bi
Co Mo Ni,0.693,1.109,-,9,Co
Fe Ni Sc,0.939,1.113,-,11,Fe
Cu Mg Mn,0.724,1.117,-,10,Cu
Co Cr Zn,0.577,1.125,-,7,Co
Ag Co Cu,1.099,1.126,-,16,Ag
Co Cu In,0.412,1.128,-,3,Co
Cu Mg Ti,0.897,1.135,-,11,Cu
Ag Fe Zn,1.337,1.146,-,18,Ag
Fe In Zn,0.725,1.148,-,11,Fe
Ag Co Ni,0.92,1.148,-,12,Ag
Ca Cu Fe,1.894,1.149,-,19,Ca
Co Cu Pb,0.748,1.157,-,12,Co
Cr Cu Mg,0.82,1.163,-,13,Cr
Cu Mo Zn,0.817,1.168,-,13,Cu
Bi Co Cu,0.929,1.169,-,14,Bi
Ca Fe Ni,1.759,1.171,-,19,Ca
Cu Ni Sc,0.577,1.174,-,8,Cu
Al Y Zr,0.655,1.176,-,9,Al
Fe Pb Zn,1.019,1.177,-,15,Fe
Co Ni Pb,0.538,1.179,-,6,Co
Fe Mg Zr,0.96,1.18,-,15,Fe
Cr Mg Ni,0.618,1.185,-,9,Cr
Bi Fe Zn,1.181,1.189,-,17,Bi
Mo Ni Zn,0.614,1.189,-,9,Mo
Bi Co Ni,0.736,1.191,-,12,Bi
Fe Mn Mo,1.339,1.192,-,19,Fe
Au Co Cu,0.625,1.192,-,10,Au
Co Cr Mn,0.819,1.209,-,14,Co
Fe Mo Ti,1.476,1.209,-,20,Fe
Au Fe Zn,0.91,1.212,-,15,Au
Al Co In,0.406,1.213,-,3,Al
Au Co Ni,0.401,1.214,-,3,Au
Cu Fe Ta,1.014,1.223,-,16,Cu
Ag Ni Zn,0.849,1.228,-,15,Ag
Ag Fe Mn,1.517,1.23,-,21,Ag
Fe Mo Sn,1.116,1.235,-,17,Fe
Cu Pb Zn,0.67,1.237,-,11,Cu
Cu Mg Zr,0.601,1.24,-,9,Cu
Al Co Pb,0.743,1.243,-,13,Al
Al Mg Sn,0.424,1.246,-,4,Al
Ag Fe Ti,1.646,1.248,-,22,Ag
Bi Cu Zn,0.857,1.249,-,16,Bi
Cu Mn Mo,1.035,1.252,-,17,Cu
Al Mo Zn,0.812,1.253,-,14,Al
Al Bi Co,0.924,1.255,-,17,Al
Ba Co Fe,1.072,1.258,-,18,Ba
Ni Pb Zn,0.452,1.259,-,5,Ni
Mg Ni Zr,0.375,1.261,-,3,Mg
Fe Mn Pb,1.221,1.261,-,19,Fe
Mn Ti Zn,0.823,1.261,-,15,Mn
Ag Fe Y,1.476,1.269,-,21,Ag
Cu Mo Ti,1.188,1.269,-,19,Cu
Fe In Y,0.901,1.27,-,17,Fe
Bi Ni Zn,0.658,1.271,-,11,Bi
Ag Fe Sn,1.309,1.273,-,20,Ag
Bi Fe Mn,1.372,1.273,-,20,Bi
Mn Mo Ni,0.852,1.273,-,16,Mn
Fe In Sn,0.69,1.274,-,12,Fe
Ag Cr Fe,1.589,1.276,-,22,Ag
Cr Fe In,1.04,1.277,-,18,Cr
Al Au Co,0.619,1.278,-,10,Al
Fe Pb Ti,1.364,1.278,-,21,Fe
Cu Fe Sr,1.28,1.281,-,20,Cu
Mn Y Zn,0.585,1.282,-,9,Mn
Mn Sn Zn,0.338,1.286,-,3,Mn
Cr Mn Zn,0.744,1.289,-,14,Cr
Ag Cu Mn,1.234,1.29,-,20,Ag
Cu Mo Y,0.986,1.29,-,18,Cu
Ag Al Zn,1.028,1.291,-,19,Ag
Al In Zn,0.314,1.293,-,3,Al
Cu Mo Sn,0.783,1.294,-,15,Cu
Au Fe Mn,1.121,1.296,-,20,Au
Cr Cu Mo,1.12,1.297,-,20,Cr
Fe Pb Y,1.175,1.299,-,21,Fe
Ti Y Zn,0.769,1.299,-,15,Ti
Fe Ni Sr,1.114,1.302,-,20,Fe
Fe Pb Sn,0.988,1.303,-,19,Fe
Cr Fe Pb,1.3,1.306,-,22,Cr
Cr Ti Zn,0.915,1.306,-,18,Cr
Cd Cu Fe,0.92,1.307,-,19,Cd
Fe Ga Zn,0.82,1.31,-,16,Fe
Bi Fe Y,1.329,1.311,-,23,Bi
Ag Mn Ni,1.065,1.311,-,20,Ag
Mo Ni Y,0.798,1.312,-,16,Mo
Au Fe Ti,1.269,1.313,-,22,Au
Bi Fe Sn,1.152,1.315,-,21,Bi
Mo Ni Sn,0.576,1.316,-,7,Mo
Cu Fe K,2.836,1.317,-,24,Cu
Ba Co Cu,0.732,1.317,-,13,Ba
Bi Cr Fe,1.447,1.318,-,24,Bi
Cu Mn Pb,0.903,1.32,-,18,Cu
Al Pb Zn,0.665,1.322,-,12,Al
Al Mg Zr,0.596,1.324,-,10,Al
Co Fe Sc,1.018,1.325,-,20,Co
Cr Y Zn,0.688,1.327,-,13,Cr
Cd Fe Ni,0.727,1.328,-,14,Cd
Ag Ni Ti,1.216,1.328,-,22,Ag
Ag Cu Sn,1.002,1.332,-,20,Ag
Al Bi Zn,0.852,1.334,-,17,Al
Au Fe Y,1.073,1.334,-,21,Au
Ag Cr Cu,1.312,1.335,-,23,Ag
Ba Fe Zn,1.005,1.337,-,21,Ba
Cu Pb Ti,1.063,1.337,-,21,Cu
Fe K Ni,2.732,1.338,-,25,Fe
Ba Co Ni,0.521,1.339,-,6,Ba
Au Cr Fe,1.203,1.341,-,22,Au
Mn Ni Pb,0.708,1.342,-,14,Mn
Bi Cu Ti,1.223,1.349,-,23,Bi
Co Mg Mn,0.607,1.35,-,11,Co
Ag Ni Y,1.016,1.35,-,22,Ag
Ag Fe Zr,1.429,1.351,-,24,Ag
Fe In Zr,0.842,1.352,-,17,Fe
Ag Ni Sn,0.815,1.353,-,17,Ag
Al Au Zn,0.537,1.356,-,7,Al
Ag Cr Ni,1.149,1.356,-,23,Ag
Ni Pb Ti,0.882,1.359,-,23,Ni
Cu Ni Sr,0.78,1.361,-,18,Cu
Co Cu Nb,0.824,1.362,-,16,Co
Cu Pb Sn,0.634,1.363,-,18,Cu
Al Fe Sr,1.276,1.365,-,12,Al
Cr Cu Pb,0.992,1.365,-,24,Cr
Co Mg Ti,0.789,1.367,-,20,Co
Bi Cu Y,1.024,1.37,-,17,Bi
Au Cu Ti,0.956,1.372,-,23,Au
Cu Mo Zr,0.929,1.372,-,20,Cu
Bi Cu Sn,0.824,1.374,-,20,Bi
Al In Mn,0.587,1.375,-,19,Al
Au Mn Ni,0.583,1.376,-,10,Au
Bi Cr Cu,1.156,1.377,-,9,Bi
Al Mo Sn,0.777,1.378,-,24,Al
Fe Mg Mo,1.249,1.378,-,16,Fe
Ca Co Fe,1.819,1.381,-,25,Ca
Mn Ti Y,0.992,1.382,-,26,Mn
Co Nb Ni,0.622,1.383,-,21,Co
Ni Pb Sn,0.412,1.384,-,12,Ni
Co Cu Sc,0.669,1.384,-,4,Co
Co Fe Pt,1.006,1.384,-,13,Co
Cr Ni Pb,0.805,1.386,-,22,Cr
Cd Cu Ni,0.322,1.387,-,18,Cd
Al Cd Fe,0.915,1.39,-,4,Al
Au Cu Y,0.733,1.393,-,20,Au
Bi Fe Zr,1.279,1.393,-,15,Bi
Au Ni Ti,0.766,1.393,-,26,Au
Co Cr Mg,0.708,1.395,-,15,Co
Bi Ni Sn,0.622,1.395,-,15,Bi
Cu K Ni,2.535,1.397,-,13,Cu
Bi Cr Ni,0.982,1.398,-,27,Bi
Co Mo Zn,0.705,1.399,-,21,Co
Au Cr Cu,0.882,1.4,-,14,Au
Al Fe K,2.833,1.4,-,20,Al
Fe Sc Zn,0.95,1.403,-,28,Fe
Al Mn Pb,0.898,1.404,-,21,Al
Co Ni Sc,0.451,1.405,-,21,Co
Cr Mn Y,0.918,1.41,-,5,Cr
Al In Y,0.526,1.413,-,22,Al
Cr Mn Sn,0.709,1.413,-,7,Cr
Au Fe Zr,1.018,1.415,-,16,Au
Ag Fe Mg,1.433,1.415,-,23,Ag
Al Bi Mn,1.068,1.416,-,27,Al
Al In Sn,0.27,1.417,-,24,Al
Ba Ni Zn,0.434,1.417,-,2,Ba
Fe In Mg,0.848,1.417,-,5,Fe
Ag Al Cr,1.308,1.419,-,20,Ag
Ba Fe Mn,1.209,1.419,-,27,Ba
Al Cr In,0.689,1.42,-,25,Al
Au Cr Ni,0.685,1.421,-,14,Au
Sn Ti Y,0.734,1.424,-,14,Sn
Cr Ti Y,1.078,1.426,-,17,Cr
Mg Mn Zn,0.524,1.428,-,25,Mg
Ag Ni Zr,0.96,1.431,-,7,Ag
Al Bi Ti,1.219,1.433,-,23,Al
Fe Ga Sn,0.787,1.435,-,26,Fe
Cu Mg Mo,0.935,1.436,-,18,Cu
Ba Fe Ti,1.352,1.436,-,23,Ba
Ag Co Zn,0.931,1.437,-,28,Ag
Ca Co Cu,1.564,1.439,-,23,Ca
Cu Nb Zn,0.75,1.439,-,29,Cu
Al Pb Y,0.845,1.442,-,18,Al
Co Cu Pt,0.655,1.442,-,20,Co
Fe Mg Pb,1.128,1.445,-,14,Fe
Al Pb Sn,0.629,1.446,-,26,Al
Al Cr Pb,0.987,1.448,-,14,Al
Al Cd Cu,0.548,1.449,-,24,Al
Al Ga Zn,0.43,1.453,-,8,Al
Co Fe Ta,0.912,1.453,-,5,Co
Al Bi Y,1.019,1.454,-,22,Al
Mg Mo Ni,0.743,1.457,-,22,Mg
Ba Fe Y,1.162,1.457,-,25,Ba
Bi Fe Mg,1.284,1.457,-,18,Bi
Al Bi Sn,0.819,1.457,-,27,Al
Ca Fe Zn,1.767,1.458,-,27,Ca
Al Cu K,2.642,1.459,-,19,Al
Nb Ni Zn,0.54,1.46,-,27,Nb
Ca Co Ni,1.414,1.46,-,30,Ca
Ba Fe Sn,0.974,1.461,-,8,Ba
Co Ni Pt,0.435,1.463,-,29,Co
Ba Cr Fe,1.288,1.463,-,27,Ba
Co Pb Zn,0.55,1.467,-,24,Co
Co Mg Zr,0.477,1.469,-,6,Co
Al Cd Ni,0.315,1.47,-,28,Al
Mg Sn Zn,0.195,1.47,-,9,Mg
Cr Mg Zn,0.629,1.472,-,7,Cr
Au Cu Zr,0.669,1.474,-,4,Au
Al Au Y,0.728,1.476,-,2,Al
Ba Cu Mn,0.888,1.477,-,15,Ba
Bi Co Zn,0.747,1.478,-,16,Bi
Au Fe Mg,1.024,1.479,-,17,Au
Fe Nb Ti,1.424,1.479,-,21,Fe
Al K Ni,2.533,1.48,-,19,Al
Al Au Sn,0.498,1.48,-,26,Al
Al Au Cr,0.877,1.482,-,30,Al
Ni Sc Zn,0.361,1.483,-,8,Ni
Fe Mn Sc,1.157,1.485,-,21,Fe
Au Ni Zr,0.451,1.494,-,17,Au
Ag Mg Ni,0.965,1.494,-,5,Ag
Ba Cu Ti,1.05,1.494,-,28,Ba
Al In Zr,0.456,1.494,-,7,Al
Cr Cu Ga,0.791,1.495,-,24,Cr
Co Mo Ti,1.092,1.497,-,27,Co
Ba Mn Ni,0.692,1.498,-,7,Ba
Fe Nb Y,1.24,1.5,-,20,Fe
Ti Y Zr,0.883,1.5,-,28,Ti
Au Co Zn,0.414,1.5,-,17,Au
Cu Mg Pb,0.796,1.503,-,29,Cu
Co Fe Sr,1.188,1.509,-,22,Co
Co Cu Ta,0.544,1.511,-,6,Co
Ba Ni Ti,0.867,1.515,-,21,Ba
Ba Cu Y,0.835,1.515,-,29,Ba
Ag Co Mn,1.14,1.518,-,9,Ag
Cu Mn Nb,0.974,1.52,-,22,Cu
Ba Cr Cu,0.978,1.521,-,22,Ba
Co Mo Sn,0.669,1.522,-,29,Co
Mg Ni Pb,0.591,1.524,-,25,Mg
Sn Y Zr,0.413,1.525,-,26,Sn
Mg Mn Ti,0.941,1.526,-,17,Mg
Cr Y Zr,0.806,1.527,-,11,Cr
Cr Fe Sc,1.238,1.529,-,6,Cr
Fe Ta Zn,0.84,1.53,-,24,Fe
Cd Co Fe,0.813,1.534,-,22,Cd
Al Bi Zr,0.963,1.534,-,30,Al
Ag Co Ti,1.287,1.535,-,23,Ag
Ba Ni Y,0.635,1.535,-,23,Ba
Ba Fe Zr,1.109,1.537,-,25,Ba
Ca Fe Mn,1.925,1.539,-,16,Ca
Mn Nb Ni,0.786,1.541,-,29,Mn
Ba Cr Ni,0.79,1.542,-,29,Ba
Al Sc Zn,0.583,1.544,-,5,Al
Co Fe K,2.777,1.544,-,20,Co
Ag Fe Mo,1.675,1.545,-,21,Ag
Fe In Mo,1.145,1.546,-,24,Fe
Co Mn Pb,0.795,1.547,-,10,Co
Cr Mg Mn,0.866,1.553,-,30,Cr
Ag Co Y,1.092,1.555,-,22,Ag
Ca Fe Ti,2.039,1.556,-,18,Ca
Al In Mg,0.463,1.557,-,8,Al
Mn Mo Zn,0.863,1.557,-,25,Mn
Cu Nb Y,0.924,1.558,-,29,Cu
Al Ba Mn,0.883,1.559,-,8,Al
Fe Pt Ti,1.292,1.559,-,25,Fe
Ag Co Sn,0.898,1.559,-,26,Ag
Bi Co Mn,0.972,1.559,-,8,Bi
Cu Sc Ti,0.995,1.559,-,26,Cu
Mg Ti Y,0.889,1.563,-,26,Mg
Co Pb Ti,0.963,1.564,-,27,Co
Co Cu Sr,0.865,1.566,-,27,Co
Fe Ga Mg,0.938,1.574,-,27,Fe
Fe Mo Pb,1.396,1.574,-,28,Fe
Mo Ti Zn,1.026,1.574,-,26,Mo
Al Ga Sn,0.388,1.575,-,29,Al
Al Ba Ti,1.045,1.576,-,28,Al
Al Cr Ga,0.786,1.577,-,29,Al
Nb Ni Y,0.731,1.578,-,6,Nb
Fe Pt Y,1.098,1.579,-,30,Fe
Ca Fe Sn,1.743,1.58,-,21,Ca
Cu Sc Y,0.775,1.58,-,19,Cu
Ag Fe In,1.336,1.583,-,20,Ag
Fe Sr Zn,1.124,1.585,-,23,Fe
Bi Fe Mo,1.538,1.585,-,18,Bi
Cu Ta Zn,0.459,1.587,-,22,Cu
Co Pb Sn,0.512,1.588,-,28,Co
Co Cr Pb,0.888,1.591,-,17,Co
Cd Co Cu,0.426,1.592,-,9,Cd
Mo Y Zn,0.809,1.594,-,10,Mo
Cr Mg Sn,0.592,1.594,-,24,Cr
Ba Cu Zr,0.775,1.594,-,27,Ba
In Mn Zn,0.379,1.595,-,7,In
Al Bi Mg,0.969,1.596,-,24,Al
Al Ba Y,0.831,1.596,-,12,Al
Au Co Ti,0.851,1.597,-,21,Au
Ca Cu Mn,1.679,1.597,-,6,Ca
Bi Co Sn,0.712,1.6,-,29,Bi
Ba Fe Mg,1.115,1.6,-,25,Ba
Fe Ni W,1.319,1.6,-,26,Fe
Cr Mo Zn,0.953,1.601,-,19,Cr
Cr Ni Sc,0.729,1.607,-,29,Cr
Ni Ta Zn,0.213,1.608,-,30,Ni
Cd Fe Zn,0.738,1.61,-,25,Cd
Ag Ti Zn,1.225,1.611,-,20,Ag
Cd Co Ni,0.176,1.612,-,3,Cd
In Ti Zn,0.581,1.612,-,21,In
Ba Ni Zr,0.568,1.615,-,2,Ba
Cu Pt Ti,0.982,1.616,-,11,Cu
Ca Mn Ni,1.535,1.617,-,11,Ca
Fe K Zn,2.738,1.62,-,11,Fe
Co K Ni,2.473,1.622,-,13,Co
Ag Mo Ni,1.249,1.622,-,18,Ag
In Mo Ni,0.613,1.624,-,11,In
Cu Mo Pb,1.099,1.631,-,20,Cu
Ag Y Zn,1.026,1.631,-,13,Ag
Cu Fe Hf,1.391,1.632,-,22,Cu
Ca Ni Ti,1.663,1.634,-,17,Ca
Ag Sn Zn,0.826,1.635,-,4,Ag
Al Nb Y,0.919,1.639,-,26,Al
Cr In Zn,0.492,1.639,-,1,Cr
Ca Cr Cu,1.746,1.64,-,22,Ca
Pb Ti Zn,0.893,1.64,-,27,Pb
Cu Sr Zn,0.791,1.642,-,28,Cu
Fe Mg Nb,1.194,1.642,-,10,Fe
Au Fe In,0.909,1.645,+,28,Au
Fe Ta Y,1.007,1.647,-,23,Fe
Bi Fe Pb,1.428,1.651,-,27,Bi
Cr Fe Ta,1.141,1.653,-,29,Cr
Cu Ni W,1.013,1.657,-,30,Cu
Cu Sc Zr,0.713,1.659,-,13,Cu
Ca Cr Ni,1.606,1.66,-,18,Ca
Ag In Ni,0.848,1.66,-,23,Ag
Co Mg Mo,0.828,1.66,-,23,Co
Al Sc Y,0.77,1.661,-,12,Al
Ni Sr Zn,0.586,1.663,-,20,Ni
Cr Ni Pt,0.714,1.663,-,18,Cr
Mg Y Zr,0.593,1.663,-,28,Mg
Pb Sn Zn,0.425,1.664,-,27,Pb
Fe Mg Sc,1.061,1.664,-,23,Fe
Al Sc Sn,0.545,1.665,-,13,Al
Mg Sn Zr,0.346,1.666,-,21,Mg
Cd Cu Zn,0.335,1.667,-,16,Cd
Cu Mn Ta,0.714,1.667,-,13,Cu
Cr Pb Zn,0.816,1.667,-,7,Cr
Bi Y Zn,0.85,1.672,-,12,Bi
Al Cd Co,0.42,1.672,-,6,Al
Au Ti Zn,0.777,1.673,-,5,Au
Au Fe Pb,1.183,1.673,-,22,Au
Mo Zn Zr,0.748,1.673,-,26,Mo
Al Ba Zr,0.77,1.675,-,19,Al
Bi Sn Zn,0.634,1.675,-,23,Bi
Ba Mg Ni,0.575,1.677,-,29,Ba
Cu K Zn,2.542,1.677,-,7,Cu
Bi Cr Zn,0.992,1.678,-,24,Bi
Ni Sc Zr,0.5,1.679,-,23,Ni
Bi Cu In,0.856,1.68,-,24,Bi
Fe Sr Ti,1.456,1.681,-,17,Fe
Al Co K,2.581,1.682,-,13,Al
Au Bi Fe,1.335,1.684,-,28,Au
Al In Mo,0.811,1.684,-,11,Al
Au Mo Ni,0.807,1.685,-,30,Au
Mo Ti Y,1.181,1.69,-,25,Mo
Ag Mn Ti,1.413,1.69,-,10,Ag
Al Ca Ti,1.798,1.694,-,25,Al
Ag Co Mg,1.043,1.696,-,12,Ag
Au Co Zr,0.549,1.696,-,2,Au
K Ni Zn,2.43,1.697,-,8,K
Ba Co Mn,0.78,1.7,-,13,Ba
Fe Sr Y,1.274,1.701,-,4,Fe
Cu Ta Y,0.657,1.703,-,6,Cu
Cu Sn Ta,0.418,1.707,-,25,Cu
Cr Fe Sr,1.395,1.708,-,18,Cr
Ag Mn Y,1.228,1.71,-,19,Ag
Al Mo Pb,1.094,1.712,-,7,Al
Fe K Ti,2.95,1.715,-,4,Fe
Cu Pt Zr,0.699,1.715,-,14,Cu
Cr Mo Y,1.113,1.717,-,25,Cr
Cr In Mn,0.743,1.718,-,5,Cr
Mn Pb Ti,1.105,1.719,-,7,Mn
Fe Mg Pt,1.049,1.72,-,20,Fe
Cu Mn Sr,1.012,1.721,-,23,Cu
Al Sr Zn,0.786,1.722,-,20,Al
Ni Ta Y,0.437,1.724,-,23,Ni
Ag Ti Y,1.37,1.726,-,13,Ag
Ba Fe Mo,1.384,1.726,-,26,Ba
Ni Sn Ta,0.167,1.727,-,6,Ni
In Ti Y,0.768,1.728,-,8,In
Ag Sn Ti,1.196,1.73,-,21,Ag
Cd Cr Fe,1.051,1.732,-,3,Cd
Ni Pt Zr,0.484,1.735,-,24,Ni
Bi Co Mg,0.869,1.736,-,22,Bi
Cu Fe Ir,1.536,1.736,-,14,Cu
Ca Co Zn,1.423,1.738,-,11,Ca
Fe Ga In,0.819,1.738,-,24,Fe
Mn Ni Sr,0.827,1.741,-,24,Mn
Ba Co Cr,0.874,1.743,-,27,Ba
Al Cd Zn,0.329,1.747,-,28,Al
Ag Al Pb,1.289,1.748,-,9,Ag
Au Ni Pb,0.66,1.75,-,22,Au
Ag Cr Y,1.306,1.753,-,15,Ag
Bi Mn Sn,0.87,1.754,-,7,Bi
Cu K Mn,2.67,1.755,-,20,Cu
Fe Ir Ni,1.385,1.756,-,27,Fe
Ag Cr Sn,1.129,1.757,-,20,Ag
Ag Ba Fe,1.56,1.762,-,10,Ag
Fe Ga Pb,1.102,1.766,-,15,Fe
Cu Fe Na,3.417,1.768,-,30,Cu
Bi Sn Ti,1.032,1.77,-,29,Bi
Au Zn Zr,0.464,1.771,-,27,Au
In Mg Zn,0.239,1.772,-,23,In
Cu Mg Pt,0.705,1.776,-,8,Cu
Pb Sn Y,0.626,1.779,-,11,Pb
Fe Sr Zr,1.223,1.779,-,5,Fe
Ag Al Au,1.191,1.78,-,23,Ag
Cu Li Ni,0.565,1.781,-,24,Cu
Cd Cu Y,0.546,1.782,-,28,Cd
Ba Cu Mo,1.086,1.782,-,25,Ba
Al Ta Y,0.651,1.783,-,16,Al
Fe Mg Ta,0.957,1.786,-,16,Fe
Al Sn Ta,0.412,1.787,-,16,Al
Al Bi Pb,1.131,1.787,-,15,Al
Ag Mn Zr,1.176,1.788,-,17,Ag
Cd Cr Cu,0.707,1.788,-,15,Cd
Mo Y Zr,0.922,1.788,-,18,Mo
Ga Sn Zn,0.155,1.789,-,26,Ga
Bi Sn Y,0.816,1.79,-,6,Bi
Ba Fe Pb,1.268,1.791,-,9,Ba
Mo Sn Zr,0.713,1.792,-,21,Mo
K Ni Ti,2.658,1.792,-,25,K
Au Cr Ti,1.086,1.794,-,3,Au
Bi Cr Sn,0.96,1.796,-,28,Bi
Co Fe W,1.388,1.799,-,26,Co
Mg Pb Zn,0.603,1.799,-,26,Mg
Cd Fe Zr,0.854,1.803,-,10,Cd
Ag Ti Zr,1.321,1.804,-,12,Ag
Co Ta Zn,0.325,1.807,-,18,Co
Cd Cr Ni,0.493,1.808,-,21,Cd
Al Au Pb,0.854,1.809,-,8,Al
Fe K Zr,2.8,1.813,-,25,Fe
Au Cr Y,0.875,1.814,-,2,Au
Ga In Ni,0.185,1.814,-,28,Ga
Ba Co Zr,0.661,1.814,-,7,Ba
K Ni Sn,2.41,1.815,-,13,K
Al Fe Ir,1.532,1.816,-,28,Al
Al Sr Ti,1.162,1.817,-,19,Al
Cu Mo Nb,1.165,1.824,-,4,Cu
Ag Y Zr,1.129,1.824,-,22,Ag
Al Cd Mn,0.6,1.825,-,29,Al
In Sn Zr,0.185,1.829,-,30,In
Be Fe Ni,3.739,1.83,-,20,Be
Fe Nb Pb,1.343,1.832,-,27,Fe
Co Pt Ti,0.878,1.835,-,18,Co
Al Ga Mo,0.902,1.836,-,11,Al
Ba In Ni,0.433,1.839,-,5,Ba
Al Cr Sr,1.093,1.843,-,12,Al
Au Mn Zr,0.718,1.849,-,19,Au
Al K Ti,2.761,1.85,-,10,Al
Co Mo Pb,1.0,1.85,-,16,Co
Co Fe Hf,1.302,1.851,-,18,Co
Co Pt Y,0.647,1.855,-,27,Co
Ag Cu Nb,1.355,1.859,-,14,Ag
Co Sr Zn,0.678,1.86,-,28,Co
Al Cd Y,0.54,1.861,-,28,Al
Cu In Nb,0.749,1.861,-,28,Cu
Mg Ni Ta,0.371,1.862,-,29,Mg
Ag Mg Ti,1.326,1.865,-,26,Ag
Al Cd Sn,0.286,1.865,-,20,Al
Au Ti Zr,0.892,1.865,-,20,Au
Bi Fe Sc,1.369,1.865,-,14,Bi
Al K Y,2.637,1.87,-,17,Al
Ag Al Ga,1.111,1.872,-,18,Ag
Fe W Zn,1.328,1.873,-,18,Fe
Al Ga In,0.428,1.873,-,23,Al
Sc Y Zn,0.581,1.873,-,15,Sc
Ba Co Mg,0.667,1.874,-,29,Ba
Co Ni W,0.911,1.875,-,9,Co
Sc Sn Zn,0.332,1.877,-,6,Sc
Au Ba Cu,0.844,1.878,-,30,Au
Ca Fe In,1.766,1.879,-,30,Ca
Cd Ni Zr,0.233,1.879,-,11,Cd
Ag Nb Ni,1.193,1.879,-,24,Ag
Cd Co Zn,0.191,1.884,-,10,Cd
Co Mn Ta,0.596,1.884,-,18,Co
Be Cu Ni,3.583,1.885,-,18,Be
Co In Pb,0.549,1.886,-,10,Co
Au Fe Sc,1.117,1.886,-,23,Au
Bi Mg Mn,1.016,1.888,-,19,Bi
Ba Mn Y,0.881,1.888,-,8,Ba
Au Cr Zr,0.815,1.891,-,6,Au
Co K Zn,2.479,1.894,-,15,Co
Ag Bi Co,1.353,1.896,-,20,Ag
In Mo Zn,0.625,1.896,-,23,In
Ca Cu Mo,1.829,1.897,-,6,Ca
Bi Co In,0.746,1.897,-,20,Bi
Ag Ni Sc,1.061,1.9,-,16,Ag
Cu Mo Pt,1.019,1.9,-,18,Cu
Bi Mg Ti,1.17,1.904,-,10,Bi
Nb Ni Pb,0.856,1.907,-,7,Nb
Cr Ga Sn,0.56,1.909,-,21,Cr
Mg Pb Y,0.789,1.913,-,21,Mg
Ba Fe Ga,1.089,1.914,-,29,Ba
Co Mg Nb,0.762,1.915,-,22,Co
Au Co In,0.413,1.918,-,10,Au
Co Fe Li,1.009,1.922,-,18,Co
Ga Mg Zn,0.36,1.923,-,29,Ga
Mg Mo Zr,0.869,1.925,-,27,Mg
Bi Mg Sn,0.762,1.927,-,19,Bi
Pt Y Zn,0.565,1.928,-,11,Pt
Mn Sc Ti,1.038,1.93,-,13,Mn
Co Pt Zr,0.58,1.931,-,15,Co
Bi Mo Zn,1.099,1.934,-,9,Bi
Co Mg Sc,0.602,1.937,-,17,Co
Au Nb Ni,0.739,1.939,-,21,Au
Au Co Pb,0.749,1.945,-,19,Au
K Mg Ni,2.5,1.948,-,20,K
Ag Ni Pt,1.049,1.955,-,30,Ag
Mn Ta Zn,0.513,1.957,-,21,Mn
Al In Sc,0.582,1.96,-,12,Al
In Mg Zr,0.387,1.962,-,8,In
Nb Sn Y,0.707,1.968,-,24,Nb
Ag Mn Mo,1.444,1.971,-,21,Ag
Co Sr Y,0.857,1.973,-,14,Co
Co Sn Sr,0.642,1.976,-,9,Co
Co Cu Li,0.658,1.976,-,15,Co
Cd Co Ti,0.674,1.977,-,12,Cd
Co Cr Sr,0.999,1.979,-,21,Co
Ba Fe Nb,1.331,1.979,-,13,Ba
Ba Ti Zr,0.987,1.98,-,11,Ba
Cd Fe Mo,1.155,1.987,-,26,Cd
Mg Nb Zn,0.685,1.988,-,25,Mg
Bi Ca Ni,1.721,1.991,-,26,Bi
Fe Li Zn,0.94,1.994,-,19,Fe
Co Li Ni,0.439,1.996,-,22,Co
Sn Ta Zn,0.182,1.996,-,23,Sn
Al Cd Mg,0.477,1.997,-,26,Al
Fe In Sr,1.123,1.999,-,27,Fe
Cu In Ta,0.458,2.001,-,27,Cu
Cd Co Cr,0.589,2.003,-,16,Cd
Mn Nb Zr,0.91,2.004,-,16,Mn
Mn Pt Y,0.809,2.004,-,22,Mn
Ba Cr Zr,0.914,2.005,-,12,Ba
Co K Y,2.579,2.006,-,13,Co
Al K Mg,2.607,2.006,-,12,Al
Ag Mo Y,1.402,2.007,-,4,Ag
Ag Co Ga,1.017,2.007,-,14,Ag
Co Cr K,2.662,2.012,-,23,Co
Ag Cr Mo,1.517,2.013,-,23,Ag
Cr In Mo,0.952,2.014,-,3,Cr
Ni V Zn,0.225,2.016,-,13,Ni
Fe Mn V,1.065,2.018,-,15,Fe
Au Pb Zn,0.671,2.018,-,23,Au
Ag Ni Ta,0.957,2.019,-,17,Ag
Mn Sc Zr,0.761,2.025,-,9,Mn
Cu Pb Ta,0.787,2.027,-,23,Cu
Ba Co In,0.532,2.033,-,20,Ba
Cd Mn Zn,0.393,2.033,-,20,Cd
Mo Pb Y,1.092,2.034,-,8,Mo
Co Ga Pb,0.652,2.035,-,26,Co
Mo Ni Sr,1.029,2.037,-,24,Mo
Ga Mg Sn,0.317,2.038,-,8,Ga
Bi Co Ga,0.84,2.046,-,16,Bi
Ca Cr Sn,1.589,2.046,-,12,Ca
Co Sr Zr,0.797,2.048,-,28,Co
Cd Fe Pb,1.029,2.049,-,25,Cd
In Pb Ti,0.892,2.051,-,10,In
Au Co Ga,0.523,2.066,-,21,Au
Ta Zn Zr,0.377,2.067,-,24,Ta
Li Ni Zn,0.348,2.068,-,24,Li
Ag Ni Sr,1.228,2.071,-,26,Ag
Al Au Pt,0.765,2.072,-,14,Al
Cd Cr Zn,0.506,2.075,-,27,Cd
Ag Cd Cu,1.043,2.076,-,25,Ag
Cr In Pb,0.815,2.076,-,25,Cr
Ag Al Ta,1.128,2.077,-,28,Ag
Ag Ga Zn,0.948,2.079,-,15,Ag
Ag Bi Y,1.434,2.08,-,16,Ag
Ga In Zn,0.2,2.08,-,11,Ga
Al Mn W,1.221,2.081,-,25,Al
Bi In Y,0.849,2.081,-,11,Bi
Au Cd Fe,0.921,2.081,-,29,Au
Cr K Zn,2.621,2.084,-,11,Cr
Cu In K,2.541,2.086,-,12,Cu
Bi Cr In,0.991,2.087,-,16,Bi
Au Fe K,2.836,2.09,-,30,Au
Au Ba Co,0.733,2.09,-,3,Au
Mn Ni V,0.511,2.091,-,14,Mn
Ca Ti Zr,1.753,2.092,-,28,Ca
Au Mn Pb,0.904,2.093,-,17,Au
Al Ti W,1.364,2.097,-,13,Al
Be Co Ni,3.533,2.097,-,13,Be
Mg Sc Ti,0.937,2.1,-,8,Mg
Ga Pb Zn,0.571,2.107,-,26,Ga
Cu Fe Hg,1.111,2.108,-,28,Cu
Hf Ni Y,0.907,2.109,-,18,Hf
Ca Fe Sc,1.922,2.112,-,4,Ca
Cr Hf Ni,1.046,2.115,-,27,Cr
Fe Ir Ti,1.698,2.115,-,29,Fe
Ga Mn Mo,0.951,2.12,-,13,Ga
Cr Pt Zr,0.842,2.12,-,21,Cr
Mn Sr Y,1.006,2.12,-,28,Mn
Cu Li Mn,0.819,2.124,-,30,Cu
Mg Ta Zn,0.384,2.126,-,17,Mg
Au Ni Sr,0.781,2.13,-,14,Au
Au Cd Cu,0.555,2.134,-,22,Au
Al Au Ta,0.661,2.135,-,30,Al
Ag Ca Co,1.909,2.143,-,15,Ag
In Nb Zn,0.551,2.144,-,17,In
Ag Co Pt,1.124,2.146,-,13,Ag
Cu Nb Pt,0.958,2.148,-,15,Cu
Ca Mg Ti,1.758,2.151,-,29,Ca
K Mn Y,2.666,2.153,-,13,K
Ag Bi Zr,1.386,2.154,-,27,Ag
K Mn Sn,2.549,2.156,-,29,K
Ta Ti Zr,0.821,2.158,-,19,Ta
Cd Ti Y,0.78,2.159,-,28,Cd
Al Ga Pt,0.669,2.16,-,15,Al
Ca Fe Pt,1.913,2.166,-,28,Ca
Al Bi Sr,1.231,2.166,-,9,Al
Mg Mo Pb,1.043,2.167,-,26,Mg
Al Hf Sn,0.888,2.169,-,26,Al
Ba Fe Sr,1.364,2.169,-,19,Ba
Ba Cu Ta,0.771,2.171,-,14,Ba
Cu Mg W,1.132,2.172,-,30,Cu
Ca Cr Mg,1.702,2.176,-,12,Ca
Ta Y Zr,0.583,2.177,-,11,Ta
Li Ni Y,0.557,2.178,-,18,Li
Bi Nb Zn,1.039,2.181,-,29,Bi
Cu Mn Na,3.271,2.183,-,20,Cu
Ca Ni Sc,1.532,2.185,-,15,Ca
Ga Pb Ti,0.98,2.197,-,23,Ga
Al Li Mn,0.814,2.199,-,21,Al
Ba Fe K,2.889,2.202,-,28,Ba
In Mg Pb,0.602,2.203,-,22,In
Au Co Pt,0.656,2.204,-,27,Au
Mn Mo Sc,1.074,2.204,-,13,Mn
Be Fe Sn,3.729,2.208,-,10,Be
Bi In Mg,0.795,2.214,-,28,Bi
Ba In Y,0.645,2.214,-,16,Ba
Ca In Zn,1.363,2.215,-,28,Ca
Al Li Ti,0.981,2.215,-,22,Al
Ga Pb Y,0.759,2.216,-,16,Ga
Al Au K,2.642,2.219,-,29,Al
Mo Sc Ti,1.224,2.219,-,5,Mo
Cu Hf Mg,1.038,2.222,-,26,Cu
Cr Cu Na,3.317,2.224,-,30,Cr
Co Mo Sr,1.105,2.226,-,10,Co
Cs Fe Ti,1.579,2.23,-,28,Cs
Cu Sc Ta,0.71,2.231,-,14,Cu
Au In Mg,0.47,2.234,-,19,Au
In Nb Ti,0.964,2.234,-,12,In
Bi Mg Pb,1.08,2.239,-,29,Bi
Cr Mg Ta,0.748,2.241,-,16,Cr
Hf Mg Ni,0.855,2.241,-,19,Hf
Mo Sc Sn,0.825,2.242,-,15,Mo
Cr Na Ni,3.223,2.243,-,20,Cr
Mg Pt Zr,0.633,2.246,-,24,Mg
Co W Y,1.083,2.247,-,17,Co
Cd Co Mo,0.716,2.249,-,22,Cd
Al Hg Ni,0.565,2.256,-,18,Al
In Nb Sn,0.513,2.257,-,24,In
Co Hf Mn,1.037,2.262,-,15,Co
K Sn Zr,2.483,2.264,-,29,K
Mn Pb Sc,0.943,2.265,-,9,Mn
Ag Sc Sn,1.04,2.275,-,30,Ag
Be Fe Zr,3.794,2.278,-,21,Be
Ca Fe Sr,2.048,2.279,-,16,Ca
Co Mn V,0.606,2.279,-,19,Co
Be Ni Sn,3.484,2.28,-,18,Be
Pb Sc Ti,1.101,2.28,-,19,Pb
Cr Nb Pb,1.165,2.285,-,10,Cr
Mg Sr Y,0.904,2.286,-,18,Mg
Ag Ca Mn,2.012,2.287,-,23,Ag
Ca In Mn,1.542,2.289,-,20,Ca
Cd Mg Ti,0.724,2.29,-,16,Cd
Fe Mg Na,3.388,2.295,-,16,Fe
Co Hf Y,0.987,2.296,-,17,Co
Al Cr Na,3.314,2.298,-,21,Al
Co Cr Hf,1.121,2.302,-,24,Co
Ag Ca Ti,2.123,2.303,-,24,Ag
Cd Nb Ni,0.553,2.304,-,21,Cd
Al Sc Ta,0.704,2.306,-,13,Al
Au Nb Y,0.924,2.309,-,29,Au
Ga Sc Zn,0.486,2.309,-,11,Ga
K Nb Ni,2.644,2.313,-,6,K
Ba Co Pt,0.762,2.315,-,25,Ba
Ag Cu W,1.574,2.324,-,17,Ag
Pb Pt Ti,1.089,2.332,-,19,Pb
Ba Sc Zn,0.699,2.332,-,22,Ba
K Ni Sc,2.56,2.333,-,28,K
Au Cr Sc,0.923,2.335,-,26,Au
Ir Mg Ni,1.031,2.337,-,20,Ir
Ba Ga Ti,0.966,2.338,-,21,Ba
Ag Ni W,1.425,2.343,-,20,Ag
Ag Sc Zr,1.172,2.344,-,23,Ag
Au Co K,2.584,2.349,-,11,Au
Ca Mo Zr,1.781,2.36,-,17,Ca
Bi Cr Pt,1.181,2.367,-,12,Bi
Ba Co Ta,0.657,2.376,-,19,Ba
Cs Fe Mg,1.361,2.379,-,18,Cs
Ag Mg Nb,1.304,2.382,-,21,Ag
Ba Mn Nb,1.068,2.385,-,22,Ba
Bi Cd Zn,0.682,2.389,-,22,Bi
W Zn Zr,0.96,2.389,-,5,W
Cr In Ta,0.618,2.393,-,26,Cr
Li Mn Zn,0.629,2.399,-,20,Li
Cr Mo Sr,1.318,2.408,-,18,Cr
Ag Au Bi,1.441,2.42,-,17,Ag
Bi Ta Y,0.958,2.423,-,21,Bi
Ba Cr Nb,1.152,2.424,-,27,Ba
Mo Ta Zr,0.86,2.424,-,18,Mo
Al Pb W,1.28,2.425,-,20,Al
Sn W Y,0.985,2.427,-,23,Sn
Au Cu Hf,1.094,2.429,-,19,Au
Bi Cr Ta,1.093,2.429,-,8,Bi
Cd Mo Sn,0.601,2.429,-,20,Cd
Co Ga K,2.532,2.435,-,6,Co
Ag Sr Y,1.382,2.436,-,21,Ag
K Mo Sn,2.667,2.437,-,30,K
Ir Mo Ni,1.308,2.453,-,24,Ir
Ba Mn Pt,0.916,2.456,-,22,Ba
Mn Na Zn,3.183,2.456,-,20,Mn
Nb Sc Ti,1.167,2.458,-,20,Nb
Au Ni V,0.458,2.465,-,18,Au
Be Co Cr,3.683,2.466,-,13,Be
Ca Cr Ga,1.681,2.47,-,29,Ca
Ti V Y,0.889,2.47,-,26,Ti
Fe Na Pb,3.471,2.471,-,25,Fe
Bi Sr Y,1.229,2.473,-,27,Bi
Cr In K,2.62,2.474,-,27,Cr
Mo Sr Zr,1.142,2.474,-,27,Mo
Bi Cu Li,1.06,2.476,-,12,Bi
Pb Ta Zr,0.717,2.484,-,25,Pb
Ca Co Ta,1.51,2.484,-,26,Ca
Co Cs Ti,1.21,2.485,-,28,Co
Ba Mo Pb,1.188,2.485,-,23,Ba
Bi Mg Pt,1.0,2.49,-,27,Bi
Co Li Mg,0.591,2.492,-,19,Co
Ag Ba In,1.123,2.493,-,24,Ag
Be Mn Zn,3.608,2.495,-,17,Be
Cr Na Zn,3.229,2.496,-,18,Cr
Fe Sc W,1.506,2.496,-,24,Fe
Al K Ta,2.602,2.501,-,16,Al
Bi Cd Cr,1.002,2.501,-,18,Bi
Be Cu Mo,3.783,2.502,-,14,Be
K Mo Zr,2.749,2.505,-,3,K
Ba Ni W,1.106,2.508,-,21,Ba
Al Ir Mo,1.459,2.508,-,21,Al
Au Mg Pt,0.706,2.509,-,25,Au
Au Cd Y,0.547,2.515,-,20,Au
Ag Cd Zr,0.98,2.529,-,30,Ag
Be Cr Zn,3.651,2.534,-,29,Be
Ca Ga Zr,1.526,2.535,-,21,Ca
Na Ni Pb,3.212,2.541,-,28,Na
Ti V Zr,0.829,2.541,-,28,Ti
Ag Al Ir,1.631,2.541,-,22,Ag
Cu Hg Y,0.77,2.541,-,28,Cu
Ca Fe W,2.202,2.545,-,12,Ca
Al Bi Li,1.055,2.549,-,26,Al
Ba Fe Li,1.196,2.552,-,29,Ba
Ba Hf Ni,1.01,2.555,-,26,Ba
Cr Mg W,1.253,2.557,-,24,Cr
Mo W Zn,1.25,2.56,-,23,Mo
Au Bi Ga,0.947,2.561,-,30,Au
Ca Mn Pt,1.699,2.563,-,28,Ca
Hf Mg Mn,1.08,2.565,-,19,Hf
Co K Pt,2.599,2.566,-,27,Co
Cd Ga Mn,0.503,2.566,-,19,Cd
Cr Mn Na,3.339,2.567,-,27,Cr
Al Au Li,0.768,2.568,-,27,Al
Ag Al Na,3.475,2.569,-,22,Ag
Cr Cs Zn,1.078,2.577,-,28,Cr
Cr Ga Sr,1.016,2.582,-,13,Cr
Ga Li Ni,0.461,2.598,-,28,Ga
Co Li Mo,0.92,2.606,-,27,Co
Al Be In,3.585,2.609,-,24,Al
Sc Sn Ta,0.469,2.611,-,29,Sc
Be Ti Y,3.762,2.614,-,23,Be
Mg V Y,0.599,2.615,-,29,Mg
Co Pb V,0.682,2.615,-,29,Co
Nb Sr Ti,1.328,2.619,-,14,Nb
Bi Co V,0.868,2.625,-,25,Bi
Ba K Y,2.696,2.63,-,30,Ba
Co Hg Zn,0.457,2.634,-,20,Co
Al Fe Os,1.324,2.642,-,24,Al
Fe Li Pt,1.133,2.659,-,24,Fe
Ca Sn Ta,1.426,2.659,-,25,Ca
Cd Sc Ti,0.83,2.66,-,25,Cd
Co Mo Na,3.321,2.662,-,22,Co
Ag Mn W,1.609,2.664,-,6,Ag
Ag Mo Sr,1.587,2.676,-,25,Ag
Ba Mg Ta,0.708,2.676,-,25,Ba
In Ti W,1.216,2.68,-,28,In
Al Hg Zr,0.702,2.683,-,17,Al
Mg V Zr,0.531,2.684,-,15,Mg
Be Fe Nb,3.906,2.684,-,17,Be
Co Ir Pb,1.261,2.692,-,26,Co
Bi In Ta,0.785,2.697,-,26,Bi
Ag Cd Mo,1.268,2.698,-,27,Ag
Be Co Mo,3.735,2.7,-,27,Be
Bi Co Ir,1.409,2.702,-,23,Bi
Ga Mo Pt,0.934,2.706,-,23,Ga
Al Li Nb,0.956,2.712,-,29,Al
Fe Li Ta,1.044,2.719,-,27,Fe
Co Nb W,1.256,2.725,-,13,Co
Cd Pt Y,0.578,2.728,-,24,Cd
Cd Nb Zr,0.69,2.729,-,28,Cd
Hf Mn Pb,1.235,2.736,-,18,Hf
Ag Cr Hf,1.601,2.748,-,26,Ag
Hf Pb Ti,1.377,2.75,-,16,Hf
Ca Ir Ni,1.899,2.753,-,29,Ca
Ba W Zn,1.115,2.754,-,28,Ba
K Ni W,2.797,2.755,-,14,K
Ag V Y,1.134,2.759,-,26,Ag
Mg Sc Sr,0.951,2.78,-,26,Mg
Ni Sr V,0.716,2.787,-,25,Ni
Au Ga Pt,0.676,2.793,-,19,Au
Au Hf Sn,0.893,2.801,-,15,Au
Mo Na Ti,3.474,2.813,-,26,Mo
Cs Ni Sc,0.978,2.813,-,21,Cs
Al Hf Sr,1.29,2.823,-,29,Al
Ca Mo Pt,1.848,2.831,-,30,Ca
Bi Nb Pt,1.225,2.833,-,27,Bi
Cr Mo Na,3.438,2.836,-,26,Cr
Al Sr V,0.905,2.839,-,8,Al
Ag Cd Ga,0.959,2.866,-,28,Ag
Be Mo Y,3.779,2.867,-,27,Be
Ag Be Mn,3.9,2.867,-,28,Ag
Cr Tl Zn,0.892,2.869,-,28,Cr
Cr In Na,3.228,2.869,-,9,Cr
Al Co Rb,0.742,2.876,-,29,Al
Ag Be Ti,3.972,2.881,-,17,Ag
Be Mn Pb,3.741,2.892,-,15,Be
Ba Ca Ga,1.653,2.894,-,14,Ba
Ba Hf Sn,0.989,2.904,-,22,Ba
Mn Ti Tl,1.172,2.915,-,20,Mn
Al Bi Hg,1.059,2.915,-,18,Al
Mo Pt Sr,1.225,2.939,-,30,Mo
Cu Ga Hg,0.683,2.945,-,21,Cu
Be Co Sc,3.639,2.945,-,19,Be
Sn Ti Tl,0.934,2.95,-,28,Sn
Bi Sc Sr,1.271,2.957,-,12,Bi
Bi Mo W,1.629,2.965,-,29,Bi
Bi K Nb,2.909,2.968,-,29,Bi
Cd Pb Sc,0.727,2.969,-,30,Cd
Au Cs Ti,1.303,2.976,-,24,Au
Ba Mg W,1.22,2.977,-,27,Ba
Ca Hf Y,1.9,3.002,-,22,Ca
Au In W,1.023,3.016,-,24,Au
Cd Mo Ta,0.756,3.018,-,30,Cd
Ca W Zr,1.93,3.024,-,29,Ca
Be Mg Pb,3.694,3.045,-,21,Be
Al Cr Rb,0.987,3.046,-,21,Al
Ag Hg Zn,1.066,3.065,-,28,Ag
Cu Hf V,1.037,3.065,-,28,Cu
Ca V Zr,1.548,3.084,-,29,Ca
Ga Ir Mg,1.123,3.089,-,20,Ga
Ca Ir Y,2.023,3.091,-,18,Ca
Be Co Sr,3.724,3.098,-,23,Be
Bi Hg Zn,0.893,3.099,-,20,Bi
Be Ta Zn,3.555,3.115,-,25,Be
Ir Ta Ti,1.375,3.133,-,28,Ir
Ba Mg Na,3.268,3.137,-,30,Ba
Bi K Sr,2.93,3.138,-,30,Bi
Mg Pt V,0.639,3.139,-,29,Mg
Be Nb Zr,3.724,3.157,-,15,Be
Ga Sr Ta,0.813,3.16,-,15,Ga
Bi Hg Ti,1.254,3.18,-,20,Bi
Co Hg Nb,0.86,3.19,-,30,Co
Pb Sc W,1.319,3.194,-,16,Pb
Au Be Bi,3.801,3.244,-,26,Au
Ir Mg Ta,1.141,3.268,-,11,Ir
Be Li Ni,3.597,3.278,-,19,Be
Mn Rb Y,0.896,3.289,-,16,Mn
Al Cs Hf,1.419,3.307,-,20,Al
Li Pb Pt,0.916,3.345,-,21,Li
Ca Cd Sr,1.69,3.346,-,23,Ca
Ba Cu Os,1.115,3.388,-,25,Ba
Li W Y,1.207,3.411,-,24,Li
Bi Co Rb,1.038,3.445,-,25,Bi
Al Nb Os,1.19,3.488,-,22,Al
Fe Ir Tl,1.68,3.551,-,16,Fe
Cd Cu Rb,0.682,3.596,-,22,Cd
Hg Mo Pt,1.052,3.63,-,28,Hg
Al Hg Na,3.264,3.632,-,28,Al
Cd Li Sc,0.636,3.64,-,29,Cd
Cr Ga Os,1.069,3.706,-,22,Cr
Be Cd Nb,3.678,3.708,-,22,Be
Cs Ir Zr,1.515,3.725,-,17,Cs
Li Mo Na,3.387,3.778,-,25,Li
Ir Tl Zn,1.264,3.833,-,30,Ir
K Os Ti,2.918,3.923,-,23,K
Ba Mo Rb,1.188,3.923,-,23,Ba
Au Ba Rb,0.957,3.999,-,23,Au
Cd Ir Na,3.431,4.178,-,26,Cd
