phases,cgcnn,mat2vec,pareto_cgcnn_mat2vec,anion radii diff %,distance from LSSI,leaf,Predicted_Order?
Al Li O S       ,0.138,0.0,1,34.9,2.25,0.148,True
Li O P S        ,0.0,0.056,1,34.9,1.5,0.218,True
Li O S Si       ,0.078,0.034,1,34.9,0.5,0.239,False
In Li O S       ,0.135,0.043,2,34.9,1.75,0.038,False
Cl Li O Sb      ,0.024,0.168,2,32.5,2.25,0.095,True
Li O S Sb       ,0.027,0.092,2,34.9,2.0,0.153,True
Li O P Se       ,0.001,0.217,2,46.0,1.75,0.246,True
Li O S Sn       ,0.074,0.129,3,34.9,1.0,0.073,True
Cl Li O Si      ,0.075,0.111,3,32.5,0.75,0.115,True
Al Cl Li O      ,0.136,0.078,3,32.5,2.5,0.132,True
Li O S Zn       ,0.204,0.051,3,34.9,3.25,0.138,True
Al Li N O       ,0.217,0.047,3,4.8,4.25,0.145,True
Li O P Te       ,0.01,0.226,3,64.3,2.0,0.236,True
Cl Li O Sn      ,0.072,0.205,3,32.5,1.25,0.937,True
Cl In Li O      ,0.133,0.121,4,32.5,2.0,0.0,True
In Li N O       ,0.214,0.089,4,4.8,3.75,0.035,True
F Li O P        ,0.053,0.24,4,5.9,2.0,0.059,True
Ce Li O S       ,0.073,0.227,4,34.9,14.0,0.078,True
Li N O Sb       ,0.112,0.137,4,4.8,2.5,0.15,True
Li O Sb Se      ,0.028,0.252,4,46.0,2.25,0.182,True
Li O Se Si      ,0.079,0.196,4,46.0,0.75,0.266,True
Li O S Ti       ,0.331,0.069,4,34.9,9.0,0.304,True
Ge Li O S       ,0.08,0.226,5,34.9,0.75,0.126,True
Li N O Zn       ,0.28,0.097,5,4.8,5.25,0.135,True
Br Li O Sb      ,0.029,0.323,5,44.4,2.0,0.158,True
Cl Li O Zn      ,0.202,0.128,5,32.5,3.5,0.166,True
Li O Sb Te      ,0.037,0.261,5,64.3,2.5,0.172,True
Li O Si Te      ,0.087,0.206,5,64.3,1.0,0.256,True
Li Mo O S       ,0.136,0.143,5,34.9,7.75,0.443,True
Li O S W        ,0.114,0.193,5,34.9,7.5,0.953,True
In Li O Se      ,0.136,0.205,6,46.0,2.0,0.071,True
F Li O Sb       ,0.079,0.274,6,5.9,2.5,0.079,True
Br Cl Li P      ,0.029,0.466,6,9.0,2.5,0.099,True
Cl Li S Sb      ,0.054,0.279,6,1.8,2.0,0.146,True
Ba Li O S       ,0.296,0.138,6,34.9,18.25,0.16,True
Al Li O Se      ,0.14,0.164,6,46.0,2.5,0.177,True
Li N P S        ,0.115,0.215,6,28.8,3.25,0.203,True
Li P S Se       ,0.031,0.327,6,8.2,2.0,0.234,False
K Li O S        ,0.505,0.099,6,34.9,19.25,0.235,True
Br Li O Si      ,0.08,0.268,6,44.4,0.5,0.243,True
Li Mg O S       ,0.145,0.154,6,34.9,3.5,0.289,True
Cl Li S Si      ,0.104,0.224,6,1.8,0.5,0.3,False
Cl Li Mo O      ,0.133,0.218,7,32.5,8.0,0.019,True
Ce Cl Li O      ,0.07,0.301,7,32.5,14.25,0.027,True
In Li O Te      ,0.144,0.215,7,64.3,2.25,0.059,True
Cl Li P Te      ,0.037,0.407,7,24.0,2.0,0.074,False
Li O Se Sn      ,0.076,0.287,7,46.0,1.25,0.105,True
Ga Li O S       ,0.127,0.256,7,34.9,2.0,0.12,True
Cl Li O W       ,0.111,0.267,7,32.5,7.75,0.143,True
Al Li O Te      ,0.147,0.174,7,64.3,2.75,0.166,False
Gd Li O S       ,0.063,0.329,7,34.9,15.25,0.183,True
Cl Li O Ti      ,0.328,0.146,7,32.5,9.25,0.195,True
F Li O Si       ,0.129,0.22,7,5.9,1.0,0.195,True
Li O S Zr       ,0.32,0.148,7,34.9,9.5,0.222,True
Li P S Te       ,0.04,0.336,7,21.8,2.25,0.224,False
Br Li P Se      ,0.033,0.543,7,1.1,1.5,0.238,False
Ca Li O S       ,0.2,0.157,7,34.9,17.75,0.246,True
Li O S Y        ,0.558,0.108,7,34.9,16.5,0.3,True
Br In Li O      ,0.137,0.277,8,44.4,1.75,0.044,True
Li N O Sn       ,0.156,0.174,8,4.8,3.0,0.07,True
Li O Sn Te      ,0.084,0.297,8,64.3,1.5,0.093,True
Cl Li Mg O      ,0.142,0.229,8,32.5,3.75,0.106,True
Li N S Sb       ,0.14,0.249,8,28.8,2.75,0.137,True
Li O S V        ,0.148,0.2,8,34.9,8.25,0.145,True
Al Br Li O      ,0.141,0.237,8,44.4,2.25,0.153,True
Cl Li N P       ,0.112,0.288,8,26.5,3.0,0.16,True
B Li O S        ,0.219,0.162,8,34.9,0.75,0.168,True
Li S Sb Se      ,0.058,0.36,8,8.2,2.5,0.17,False
K Li N O        ,0.569,0.144,8,4.8,21.25,0.232,True
Li P Se Te      ,0.041,0.485,8,12.5,2.5,0.251,False
Cl Li Sb Se     ,0.055,0.431,8,10.2,2.25,0.291,False
Cl Ge Li O      ,0.077,0.3,8,32.5,1.0,0.333,True
Ce Li N O       ,0.155,0.271,9,4.8,16.0,0.041,True
Br Li O Sn      ,0.077,0.358,9,44.4,1.0,0.078,True
Cl Gd Li O      ,0.06,0.4,9,32.5,15.5,0.115,True
Al Cl Li S      ,0.163,0.192,9,1.8,2.25,0.119,True
Br Cl Li Sb     ,0.056,0.499,9,9.0,3.0,0.12,True
Al Li N S       ,0.244,0.162,9,28.8,4.5,0.132,True
Cl Li S Sn      ,0.1,0.315,9,1.8,1.0,0.139,True
Br Li S Sb      ,0.059,0.429,9,7.1,1.75,0.145,False
Cl Li O V       ,0.145,0.274,9,32.5,8.5,0.154,True
Li S Sb Te      ,0.066,0.369,9,21.8,2.75,0.159,False
Al F Li O       ,0.187,0.188,9,5.9,2.75,0.18,True
Br Li P Te      ,0.042,0.552,9,13.7,1.75,0.228,False
Li Nb O S       ,0.158,0.232,9,34.9,8.5,0.234,True
Li S Se Si      ,0.108,0.307,9,8.2,1.0,0.254,False
Li N O Y        ,0.621,0.153,9,4.8,18.5,0.297,True
F Li P S        ,0.082,0.349,9,42.9,1.75,0.317,True
Li Mo O Se      ,0.137,0.301,9,46.0,8.0,0.466,True
Cl Li Se Si     ,0.105,0.378,10,10.2,0.75,0.064,True
Cl In Li S      ,0.16,0.233,10,1.8,1.75,0.121,True
Cl Li Nb O      ,0.156,0.305,10,32.5,8.75,0.124,True
Cl Li Sb Te     ,0.063,0.44,10,24.0,2.5,0.128,False
Cl K Li O       ,0.502,0.175,10,32.5,19.5,0.144,True
Ge Li O Se      ,0.081,0.38,10,46.0,1.0,0.156,True
Ba Li N O       ,0.368,0.183,10,4.8,20.25,0.157,True
Br Li Sb Se     ,0.06,0.575,10,1.1,2.0,0.174,False
Ce Li O Se      ,0.074,0.381,10,46.0,14.25,0.179,True
Li N S Si       ,0.187,0.194,10,28.8,2.75,0.224,False
Br Li S Si      ,0.109,0.376,10,7.1,0.25,0.232,True
Li S Si Te      ,0.116,0.316,10,21.8,1.25,0.244,False
F Li O Sn       ,0.125,0.31,10,5.9,1.5,0.257,True
Li Mo N O       ,0.214,0.188,10,4.8,9.75,0.441,True
F In Li O       ,0.184,0.229,10,5.9,2.25,0.468,True
Li O Se W       ,0.115,0.349,10,46.0,7.75,0.969,True
Br Ce Li O      ,0.075,0.45,11,44.4,14.0,0.101,True
Cl F Li P       ,0.079,0.42,11,40.3,3.0,0.122,True
Ce Li O Te      ,0.082,0.39,11,64.3,14.5,0.129,True
Ge Li O Te      ,0.089,0.389,11,64.3,1.25,0.145,True
Al Li S Se      ,0.167,0.275,11,8.2,2.75,0.165,False
Li O Se Zn      ,0.205,0.213,11,46.0,3.5,0.168,False
Gd Li O Se      ,0.064,0.479,11,46.0,15.5,0.173,True
Cl Li O Y       ,0.556,0.184,11,32.5,16.75,0.177,True
F Li S Sb       ,0.108,0.382,11,42.9,2.25,0.212,True
Li N O Zr       ,0.391,0.193,11,4.8,11.5,0.219,True
Ca Cl Li O      ,0.198,0.232,11,32.5,18.0,0.231,True
Li N P Se       ,0.116,0.369,11,39.4,3.5,0.231,True
Cl Ga Li O      ,0.124,0.329,11,32.5,2.25,0.27,True
Li Mg N O       ,0.223,0.198,11,4.8,5.5,0.287,False
Cl Li N Sb      ,0.137,0.322,11,26.5,2.5,0.29,True
Li Mo O Te      ,0.144,0.31,11,64.3,8.25,0.457,True
Cl Li N Si      ,0.184,0.268,11,26.5,2.5,0.944,True
Li N O W        ,0.194,0.237,11,4.8,9.5,0.951,True
Li O Te W       ,0.123,0.358,11,64.3,8.0,0.963,True
I Li O P        ,0.161,0.284,11,63.5,1.25,0.989,True
Ce Cl Li S      ,0.099,0.408,12,1.8,14.0,0.012,True
In Li N S       ,0.241,0.203,12,28.8,4.0,0.02,True
Cl Li Si Te     ,0.113,0.387,12,24.0,1.0,0.041,True
Li S Se Sn      ,0.104,0.395,12,8.2,1.5,0.091,False
Br Ge Li O      ,0.082,0.449,12,44.4,0.75,0.131,True
Al Li S Te      ,0.175,0.284,12,21.8,3.0,0.154,False
Li O Te Zn      ,0.213,0.222,12,64.3,3.75,0.157,False
Br Gd Li O      ,0.065,0.545,12,44.4,15.25,0.159,True
Gd Li O Te      ,0.072,0.487,12,64.3,15.75,0.171,True
Li Sb Se Te     ,0.067,0.518,12,12.5,3.0,0.188,False
Li N P Te       ,0.123,0.378,12,56.8,3.75,0.221,False
Ca Li N O       ,0.276,0.201,12,4.8,19.75,0.243,True
Li Mg O Se      ,0.146,0.311,12,46.0,3.75,0.315,True
Br Li Mo O      ,0.138,0.371,12,44.4,7.75,0.447,True
Li N S Sn       ,0.184,0.285,13,28.8,3.25,0.056,True
In Li S Se      ,0.164,0.315,13,8.2,2.25,0.057,False
Li S Sn Te      ,0.112,0.404,13,21.8,1.75,0.08,False
Cl Li Se Sn     ,0.101,0.465,13,10.2,1.25,0.081,True
Cl Li S W       ,0.14,0.376,13,1.8,7.5,0.114,True
Al Cl Li N      ,0.241,0.236,13,26.5,4.25,0.115,True
Li O S Ta       ,0.225,0.263,13,34.9,8.75,0.125,True
Cl F Li Sb      ,0.105,0.453,13,40.3,3.5,0.126,True
Cl Li S Zn      ,0.228,0.241,13,1.8,3.25,0.135,True
Gd Li N O       ,0.146,0.371,13,4.8,17.25,0.138,True
Ce F Li O       ,0.123,0.403,13,5.9,14.5,0.158,True
F Li P Se       ,0.083,0.498,13,54.6,2.0,0.158,True
Br Li Sb Te     ,0.068,0.584,13,13.7,2.25,0.164,False
F Ge Li O       ,0.131,0.402,13,5.9,1.25,0.164,True
B Li N O        ,0.294,0.207,13,4.8,2.75,0.165,True
Li O Se V       ,0.149,0.355,13,46.0,8.5,0.174,True
Cl Ge Li S      ,0.106,0.407,13,1.8,0.75,0.177,True
Al I Li O       ,0.286,0.232,13,63.5,2.0,0.214,True
Li Mg O Te      ,0.153,0.32,13,64.3,4.0,0.306,False
In Li S Te      ,0.172,0.324,14,21.8,2.5,0.045,False
Br Li S Sn      ,0.105,0.463,14,7.1,0.75,0.064,True
Li N S Zn       ,0.306,0.21,14,28.8,5.5,0.122,True
F Li S Si       ,0.156,0.329,14,42.9,0.75,0.125,True
Cl Li Mo S      ,0.16,0.328,14,1.8,7.75,0.137,True
Br Li O Zn      ,0.206,0.285,14,44.4,3.25,0.143,True
Ba Cl Li O      ,0.294,0.213,14,32.5,18.5,0.144,True
Ga Li O Se      ,0.128,0.409,14,46.0,2.25,0.15,True
F Li O Zn       ,0.251,0.236,14,5.9,3.75,0.165,True
Li N Sb Se      ,0.141,0.402,14,39.4,3.0,0.167,True
Br F Li P       ,0.084,0.565,14,52.9,2.75,0.199,True
I Li O Sb       ,0.185,0.318,14,63.5,1.75,0.205,True
Cl Gd Li S      ,0.089,0.504,14,1.8,15.25,0.213,True
Ca Li O Se      ,0.201,0.314,14,46.0,18.0,0.273,True
Br Cl Li Si     ,0.106,0.447,14,9.0,1.5,0.279,True
I Li O Si       ,0.231,0.264,14,63.5,0.25,0.285,True
Br Li Mg O      ,0.147,0.381,14,44.4,3.5,0.293,True
Ce Li S Se      ,0.102,0.486,14,8.2,14.5,0.307,True
Br Li O W       ,0.116,0.418,14,44.4,7.5,0.955,True
F Li Mo O       ,0.184,0.323,14,5.9,8.25,0.962,False
Cl Li Sn Te     ,0.109,0.474,15,24.0,1.5,0.027,True
F Li Mg O       ,0.193,0.333,15,5.9,4.0,0.091,False
Ga Li O Te      ,0.136,0.417,15,64.3,2.5,0.139,False
Al Br Li S      ,0.168,0.346,15,7.1,2.0,0.14,True
Cl F Li Si      ,0.154,0.4,15,40.3,2.0,0.144,True
Al Cl Li Se     ,0.164,0.348,15,10.2,2.5,0.149,True
Li N Sb Te      ,0.149,0.411,15,56.8,3.25,0.156,False
Li O Te V       ,0.157,0.364,15,64.3,8.75,0.163,True
Cl Gd Li Se     ,0.09,0.648,15,10.2,15.5,0.164,True
Al F Li S       ,0.214,0.298,15,42.9,2.5,0.168,True
Li O S Sr       ,0.252,0.244,15,34.9,18.0,0.176,True
Cl In Li N      ,0.238,0.277,15,26.5,3.75,0.188,True
Br Li N P       ,0.117,0.438,15,37.9,2.75,0.208,True
Cl Li Mg S      ,0.169,0.338,15,1.8,3.5,0.219,True
Cl Li O Zr      ,0.318,0.224,15,32.5,9.75,0.24,True
F Li P Te       ,0.091,0.507,15,73.9,2.25,0.24,True
Ca Li O Te      ,0.209,0.323,15,64.3,18.25,0.263,True
Br In Li S      ,0.165,0.385,16,7.1,1.5,0.029,True
Ce Cl Li Se     ,0.1,0.555,16,10.2,14.25,0.046,True
Br Cl Li Sn     ,0.103,0.532,16,9.0,2.0,0.114,True
F Li Sb Se      ,0.109,0.53,16,54.6,2.5,0.114,True
Al Cl Li Te     ,0.172,0.357,16,24.0,2.75,0.138,True
Ge Li S Se      ,0.11,0.485,16,8.2,1.25,0.143,False
Br Li O V       ,0.15,0.424,16,44.4,8.25,0.149,True
Gd Li S Se      ,0.093,0.581,16,8.2,15.75,0.16,True
B Li O Se       ,0.22,0.319,16,46.0,1.0,0.196,True
Br Cl Gd Li     ,0.091,0.712,16,9.0,16.25,0.212,True
F Li S Sn       ,0.153,0.417,16,42.9,1.25,0.223,True
Li N Se Si      ,0.188,0.349,16,39.4,3.0,0.251,False
Li Nb O Se      ,0.159,0.386,16,46.0,8.75,0.261,True
Li Se Si Te     ,0.117,0.466,16,12.5,1.5,0.271,False
Li N S Ti       ,0.425,0.227,16,28.8,11.25,0.29,False
Li O Se Ti      ,0.332,0.23,16,46.0,9.25,0.329,True
I In Li O       ,0.283,0.273,16,63.5,1.5,0.347,True
Li Mo N S       ,0.241,0.298,16,28.8,10.0,0.431,False
F In Li S       ,0.211,0.338,16,42.9,2.0,0.458,True
Li S Se W       ,0.143,0.455,16,8.2,8.0,0.962,False
Cl Li N Zn      ,0.303,0.284,17,26.5,5.25,0.025,True
Br Ce Li S      ,0.103,0.553,17,7.1,13.75,0.066,True
Cl Li O Ta      ,0.222,0.336,17,32.5,9.0,0.109,True
Br Ga Li O      ,0.129,0.477,17,44.4,2.0,0.124,True
Ge Li S Te      ,0.118,0.494,17,21.8,1.5,0.132,False
Br Li N Sb      ,0.142,0.47,17,37.9,2.25,0.142,True
Cl In Li Se     ,0.161,0.387,17,10.2,2.0,0.144,True
Br Gd Li S      ,0.094,0.646,17,7.1,15.0,0.146,True
Ce Li S Te      ,0.11,0.495,17,21.8,14.75,0.149,True
Li S Se Zn      ,0.232,0.323,17,8.2,3.75,0.155,False
Al Li N Se      ,0.245,0.318,17,39.4,4.75,0.161,True
Cl Li S V       ,0.173,0.382,17,1.8,8.25,0.166,True
B Li O Te       ,0.227,0.328,17,64.3,1.25,0.186,True
Ba Li O Se      ,0.297,0.296,17,46.0,18.5,0.189,True
Gd Li S Te      ,0.101,0.589,17,21.8,16.0,0.189,True
Cl Ga Li S      ,0.152,0.435,17,1.8,2.0,0.254,True
Li Mg N S       ,0.249,0.309,17,28.8,5.75,0.275,True
Cl Li N Sn      ,0.181,0.357,17,26.5,3.0,0.286,True
Li O Te Ti      ,0.339,0.239,17,64.3,9.5,0.32,False
Li N S W        ,0.221,0.346,17,28.8,9.75,0.944,True
Li S Te W       ,0.151,0.463,17,21.8,8.25,0.956,False
Br Ce Cl Li     ,0.101,0.62,18,9.0,15.0,0.018,True
Cl Li S Ti      ,0.353,0.257,18,1.8,9.0,0.062,True
Br Li Se Sn     ,0.106,0.608,18,1.1,1.0,0.096,False
Ge Li N S       ,0.189,0.378,18,28.8,3.0,0.11,True
Li S Te Zn      ,0.239,0.332,18,21.8,4.0,0.144,False
Ce Li N S       ,0.182,0.379,18,28.8,16.25,0.157,True
Cl F Li Sn      ,0.15,0.487,18,40.3,2.5,0.165,True
Li N O Sr       ,0.326,0.288,18,4.8,20.0,0.172,True
Br Gd Li Se     ,0.095,0.784,18,1.1,15.25,0.175,True
Ba Li O Te      ,0.304,0.305,18,64.3,18.75,0.178,False
I Li O Zn       ,0.347,0.28,18,63.5,3.0,0.18,True
F Li Se Si      ,0.157,0.479,18,54.6,1.0,0.183,True
F Li O Ti       ,0.374,0.253,18,5.9,9.5,0.195,False
Ca Cl Li S      ,0.224,0.341,18,1.8,17.75,0.22,True
Ca Li N S       ,0.302,0.311,18,28.8,20.0,0.231,True
Br Li Nb O      ,0.16,0.454,18,44.4,8.5,0.238,True
Li N Si Te      ,0.196,0.358,18,56.8,3.25,0.241,False
Br Li Se Si     ,0.11,0.525,18,1.1,0.5,0.258,False
Cl Ge Li Se     ,0.107,0.554,18,10.2,1.0,0.258,False
Cl Li O Sr      ,0.25,0.318,18,32.5,18.25,0.275,True
F Li N P        ,0.164,0.391,18,10.9,3.25,0.279,True
F Gd Li O       ,0.114,0.5,18,5.9,15.75,0.312,True
Cl Gd Li Te     ,0.098,0.656,18,24.0,15.75,0.337,True
Br Ce Li Se     ,0.104,0.694,19,1.1,14.0,0.011,True
Ce Cl Li Te     ,0.108,0.563,19,24.0,14.5,0.034,True
I Li O Sn       ,0.228,0.353,19,63.5,0.75,0.097,True
Li Se Sn Te     ,0.113,0.551,19,12.5,2.0,0.111,False
Br Ge Li S      ,0.111,0.552,19,7.1,0.5,0.118,False
Cl Li Se W      ,0.141,0.524,19,10.2,7.75,0.118,True
Al Br Cl Li     ,0.165,0.417,19,9.0,3.25,0.124,True
Br Cl In Li     ,0.162,0.455,19,9.0,2.75,0.129,True
Ce F Li S       ,0.151,0.507,19,42.9,14.25,0.13,True
B Cl Li S       ,0.243,0.346,19,1.8,0.75,0.139,True
Ba Li N S       ,0.392,0.293,19,28.8,20.5,0.144,True
F Li O V        ,0.196,0.377,19,5.9,8.75,0.145,True
Al Li N Te      ,0.252,0.327,19,56.8,5.0,0.151,True
Al Cl F Li      ,0.211,0.37,19,40.3,3.75,0.152,True
B Li N S        ,0.319,0.317,19,28.8,3.0,0.152,True
Cl Li Mo Se     ,0.161,0.478,19,10.2,8.0,0.16,True
Gd Li Se Te     ,0.102,0.729,19,12.5,16.25,0.178,True
F Li Sb Te      ,0.117,0.539,19,73.9,2.75,0.212,True
K Li N S        ,0.591,0.256,19,28.8,21.5,0.221,True
Br Li Si Te     ,0.118,0.533,19,13.7,0.75,0.248,True
Li O Se Zr      ,0.321,0.306,19,46.0,9.75,0.249,True
Li Nb O Te      ,0.167,0.395,19,64.3,9.0,0.251,False
K Li O Se       ,0.505,0.258,19,46.0,19.5,0.262,True
Ca F Li O       ,0.247,0.336,19,5.9,18.25,0.275,True
Br Li O Ti      ,0.333,0.301,19,44.4,9.0,0.308,True
Br Li S W       ,0.144,0.522,19,7.1,7.25,0.948,True
In Li N Se      ,0.242,0.358,20,39.4,4.25,0.053,True
Cl Ge Li Te     ,0.115,0.562,20,24.0,1.25,0.058,False
Cl Li Te W      ,0.148,0.532,20,24.0,8.0,0.066,True
Li N S V        ,0.252,0.353,20,28.8,10.5,0.129,True
Ba Cl Li S      ,0.319,0.323,20,1.8,18.25,0.131,True
Ga Li S Se      ,0.155,0.513,20,8.2,2.5,0.137,False
Al F Li N       ,0.289,0.341,20,10.9,4.5,0.165,True
Br Gd Li Te     ,0.103,0.792,20,13.7,15.5,0.165,True
Cs Li O S       ,0.639,0.256,20,34.9,19.75,0.174,True
F Li N Si       ,0.234,0.371,20,10.9,2.75,0.185,True
Br Cl Ge Li     ,0.108,0.619,20,9.0,1.75,0.196,True
Li N S Zr       ,0.415,0.303,20,28.8,11.75,0.207,False
Cl In Li Te     ,0.169,0.396,20,24.0,2.25,0.209,False
Cl Li Mo N      ,0.238,0.37,20,26.5,9.75,0.225,True
I Li O Ti       ,0.464,0.296,20,63.5,8.75,0.228,False
Li O Te Zr      ,0.328,0.315,20,64.3,10.0,0.239,True
Br Ca Li O      ,0.202,0.384,20,44.4,17.75,0.25,True
K Li O Te       ,0.512,0.268,20,64.3,19.75,0.252,True
F Ge Li S       ,0.158,0.507,20,42.9,1.0,0.258,True
F Li S Zn       ,0.277,0.345,20,42.9,3.5,0.267,True
Br F Li Sb      ,0.11,0.596,20,52.9,3.25,0.325,True
Li O Se Y       ,0.559,0.267,20,46.0,16.75,0.325,True
Br Li Mo S      ,0.165,0.476,20,7.1,7.5,0.437,True
In Li N Te      ,0.249,0.367,21,56.8,4.5,0.041,True
Br Cl Li Mo     ,0.162,0.545,21,9.0,8.75,0.047,True
Ce Cl F Li      ,0.148,0.576,21,40.3,15.5,0.049,True
Br Cl Li W      ,0.142,0.59,21,9.0,8.5,0.05,True
Br Li Sn Te     ,0.114,0.616,21,13.7,1.25,0.084,False
Cl K Li S       ,0.525,0.286,21,1.8,19.25,0.091,True
Cl F In Li      ,0.208,0.409,21,40.3,3.25,0.103,True
Ga Li S Te      ,0.163,0.521,21,21.8,2.75,0.126,False
F Li Si Te      ,0.165,0.488,21,73.9,1.25,0.128,True
I Li Mo O       ,0.284,0.366,21,63.5,7.5,0.128,True
Al Br Li N      ,0.245,0.388,21,37.9,4.0,0.136,True
Cl Li Nb S      ,0.183,0.412,21,1.8,8.5,0.147,True
Li N Se Zn      ,0.307,0.365,21,39.4,5.75,0.152,True
B Br Li O       ,0.221,0.389,21,44.4,0.75,0.172,True
Ba F Li O       ,0.341,0.318,21,5.9,18.75,0.192,False
Al I Li S       ,0.312,0.341,21,21.2,1.75,0.202,True
Cl Li Mo Te     ,0.169,0.486,21,24.0,8.25,0.224,False
F K Li O        ,0.544,0.281,21,5.9,19.75,0.234,True
Cl Li Mg N      ,0.247,0.38,21,26.5,5.5,0.272,True
Li N S Y        ,0.642,0.264,21,28.8,18.75,0.286,True
Li O Te Y       ,0.565,0.276,21,64.3,17.0,0.316,True
Li Mo S Te      ,0.172,0.417,21,21.8,8.5,0.448,False
Ce Li Se Te     ,0.111,0.638,21,12.5,15.0,0.955,True
Br F Li Si      ,0.158,0.546,21,52.9,1.75,0.966,True
F Li Se Sn      ,0.154,0.563,21,54.6,1.5,0.974,True
Cl Li N W       ,0.218,0.417,22,26.5,9.5,0.004,True
Br In Li Se     ,0.166,0.533,22,1.1,1.75,0.062,False
Cl Ga Li Se     ,0.153,0.581,22,10.2,2.25,0.08,True
Br Li S Zn      ,0.233,0.392,22,7.1,3.0,0.13,True
Cl Li Se Zn     ,0.229,0.394,22,10.2,3.5,0.135,True
Br Ge Li Se     ,0.112,0.693,22,1.1,0.75,0.148,False
Li O Se Ta      ,0.226,0.416,22,46.0,9.0,0.154,True
F Li Sn Te      ,0.162,0.572,22,73.9,1.75,0.157,True
Cl F Ge Li      ,0.156,0.575,22,40.3,2.25,0.159,True
Ge Li Se Te     ,0.119,0.638,22,12.5,1.75,0.162,False
Ba Br Li O      ,0.298,0.366,22,44.4,18.25,0.164,True
Al Br Li Se     ,0.169,0.495,22,1.1,2.25,0.169,True
Li O S Sc       ,0.545,0.316,22,34.9,9.75,0.176,True
Cl Li Mg Se     ,0.17,0.488,22,10.2,3.75,0.207,True
I Li S Si       ,0.257,0.372,22,21.2,0.0,0.234,False
Cl Li S Y       ,0.578,0.294,22,1.8,16.5,0.295,True
F Gd Li S       ,0.142,0.602,22,42.9,15.5,0.297,True
Li Mg S Se      ,0.173,0.418,22,8.2,4.0,0.304,True
F Li O Y        ,0.597,0.29,22,5.9,17.0,0.321,True
Cl Li S Zr      ,0.343,0.333,22,1.8,9.5,0.947,True
F Li O Zr       ,0.364,0.328,22,5.9,10.0,0.963,True
Cl Li Te Zn     ,0.237,0.403,23,24.0,3.75,0.052,True
In Li Se Te     ,0.173,0.475,23,12.5,2.75,0.077,False
Ga Li N S       ,0.233,0.406,23,28.8,4.25,0.103,True
Br Ga Li S      ,0.156,0.579,23,7.1,1.75,0.111,True
Cl F Gd Li      ,0.139,0.668,23,40.3,16.75,0.134,True
Br Ge Li Te     ,0.12,0.702,23,13.7,1.0,0.137,False
Li N Te Zn      ,0.314,0.374,23,56.8,6.0,0.141,True
Cs Li N O       ,0.7,0.299,23,4.8,21.75,0.159,True
F Ga Li O       ,0.176,0.43,23,5.9,2.5,0.165,True
Li O Se Sr      ,0.253,0.398,23,46.0,18.25,0.204,True
Br Ce Li Te     ,0.112,0.703,23,13.7,14.25,0.213,True
Li N Nb S       ,0.262,0.383,23,28.8,10.75,0.219,True
Br Li N Si      ,0.189,0.418,23,37.9,2.25,0.229,True
Br K Li O       ,0.506,0.329,23,44.4,19.25,0.24,True
F Li N Sb       ,0.188,0.424,23,10.9,2.75,0.249,True
I Li Mg O       ,0.292,0.376,23,63.5,3.25,0.266,True
Cl Gd Li N      ,0.17,0.545,23,26.5,17.25,0.274,True
Li Mg S Te      ,0.181,0.427,23,21.8,4.25,0.295,False
Li S Se Ti      ,0.356,0.339,23,8.2,9.5,0.318,False
F In Li N       ,0.286,0.38,23,10.9,4.0,0.456,True
I K Li O        ,0.626,0.325,23,63.5,19.0,0.494,True
Br Li Se W      ,0.145,0.664,23,1.1,7.5,0.964,False
Li Se Te W      ,0.152,0.608,23,12.5,8.5,0.972,False
Cl K Li N       ,0.589,0.329,24,26.5,21.25,0.038,True
Ce F Li Se      ,0.152,0.651,24,54.6,14.5,0.097,True
F Gd Li Se      ,0.143,0.741,24,54.6,15.75,0.131,True
Gd Li N S       ,0.173,0.476,24,28.8,17.5,0.168,True
Cl Cs Li O      ,0.637,0.328,24,32.5,20.0,0.182,True
Al Li Se Te     ,0.176,0.436,24,12.5,3.25,0.183,False
Cl Ga Li Te     ,0.16,0.589,24,24.0,2.5,0.192,True
Li O Sr Te      ,0.26,0.407,24,64.3,18.5,0.193,True
Br Cl Li Mg     ,0.171,0.554,24,9.0,4.5,0.217,True
Ca Cl Li N      ,0.299,0.383,24,26.5,19.75,0.217,True
Br Li O Zr      ,0.322,0.376,24,44.4,9.5,0.226,True
Ca Li S Se      ,0.228,0.421,24,8.2,18.25,0.261,True
Br Li O Y       ,0.56,0.338,24,44.4,16.5,0.304,True
Li S Te Ti      ,0.363,0.348,24,21.8,9.75,0.309,False
F Li Mo S       ,0.211,0.43,24,42.9,8.0,0.314,True
Br F Li Sn      ,0.155,0.629,24,52.9,2.25,0.321,True
I In Li S       ,0.309,0.381,24,21.2,1.25,0.337,False
Br Cl Ga Li     ,0.154,0.646,24,9.0,3.0,0.425,True
Ce Cl Li N      ,0.179,0.449,25,26.5,16.0,0.008,True
Cl Li N Y       ,0.64,0.337,25,26.5,18.5,0.038,True
Li N Se Sn      ,0.185,0.437,25,39.4,3.5,0.088,True
Ba Cl Li N      ,0.39,0.366,25,26.5,20.25,0.128,True
I Li O W        ,0.264,0.413,25,63.5,7.25,0.131,True
B Cl Li N       ,0.317,0.388,25,26.5,2.75,0.136,True
Li O Ta Te      ,0.233,0.425,25,64.3,9.25,0.143,True
Li S Se V       ,0.176,0.461,25,8.2,8.75,0.161,True
Li N O Sc       ,0.608,0.359,25,4.8,11.75,0.173,True
Al Cl I Li      ,0.309,0.412,25,23.4,3.0,0.187,True
F Li S Ti       ,0.398,0.361,25,42.9,9.25,0.193,True
Cl Li N V       ,0.25,0.424,25,26.5,10.25,0.209,True
F Ge Li Se      ,0.159,0.65,25,54.6,1.25,0.211,True
I Li O Y        ,0.677,0.333,25,63.5,16.25,0.228,True
F Gd Li Te      ,0.151,0.75,25,73.9,16.0,0.237,True
Br Li Mg S      ,0.174,0.486,25,7.1,3.25,0.282,True
Ca I Li O       ,0.343,0.379,25,63.5,17.5,0.306,True
Br Li Mo Se     ,0.166,0.62,25,1.1,7.75,0.459,False
Br F Gd Li      ,0.144,0.804,25,52.9,16.5,0.462,True
Li Mo Se Te     ,0.173,0.563,25,12.5,8.75,0.47,False
Br Li Te W      ,0.153,0.673,25,13.7,7.75,0.958,False
Br In Li N      ,0.243,0.427,26,37.9,3.5,0.025,True
Ce F Li Te      ,0.16,0.659,26,73.9,14.75,0.043,True
Li N Sn Te      ,0.192,0.445,26,56.8,3.75,0.076,True
Cl F Li Zn      ,0.274,0.416,26,40.3,4.75,0.082,True
Cl Li Se V      ,0.174,0.53,26,10.2,8.5,0.101,True
Hf Li O S       ,0.348,0.401,26,34.9,9.25,0.118,True
Br Ce F Li      ,0.153,0.715,26,52.9,15.25,0.119,True
Li S Te V       ,0.184,0.469,26,21.8,9.0,0.151,True
Al Br Li Te     ,0.177,0.504,26,13.7,2.5,0.158,True
F Li N Zn       ,0.35,0.387,26,10.9,5.5,0.171,True
Ba Li S Se      ,0.322,0.403,26,8.2,18.75,0.176,True
B Li S Se       ,0.246,0.426,26,8.2,1.25,0.184,True
F Li Mg S       ,0.22,0.44,26,42.9,3.75,0.192,True
Cl I Li P       ,0.185,0.462,26,23.4,2.25,0.209,True
Ba I Li O       ,0.432,0.362,26,63.5,18.0,0.225,True
B I Li O        ,0.36,0.384,26,63.5,0.5,0.232,True
Cl Li Mg Te     ,0.178,0.496,26,24.0,4.0,0.235,False
Ca Li S Te      ,0.235,0.429,26,21.8,18.5,0.251,False
Li N Se Ti      ,0.426,0.381,26,39.4,11.5,0.316,True
F Ge Li Te      ,0.167,0.658,26,73.9,1.5,0.377,True
Cl Ge Li N      ,0.187,0.448,26,26.5,2.75,0.974,True
Br In Li Te     ,0.174,0.541,27,13.7,2.0,0.05,False
Br Li N Sn      ,0.186,0.504,27,37.9,2.75,0.061,True
Li N S Ta       ,0.325,0.413,27,28.8,11.0,0.108,True
Br Li S V       ,0.177,0.528,27,7.1,8.0,0.136,True
Br Ga Li Se     ,0.157,0.719,27,1.1,2.0,0.141,True
Ga Li Se Te     ,0.164,0.664,27,12.5,3.0,0.155,False
Li N S Sr       ,0.351,0.395,27,28.8,20.25,0.16,True
Ba Li S Te      ,0.329,0.412,27,21.8,19.0,0.166,True
B Li S Te       ,0.253,0.434,27,21.8,1.5,0.174,True
Ce Li N Se      ,0.183,0.527,27,39.4,16.5,0.18,True
Ge I Li O       ,0.233,0.444,27,63.5,0.5,0.181,False
Al F Li Se      ,0.215,0.449,27,54.6,2.75,0.196,True
Al I Li N       ,0.383,0.384,27,56.1,3.75,0.199,True
Cl Li S Sr      ,0.275,0.424,27,1.8,18.0,0.223,True
Cl Li S Ta      ,0.248,0.442,27,1.8,8.75,0.23,True
Li Nb S Se      ,0.187,0.49,27,8.2,9.0,0.249,False
K Li S Se       ,0.528,0.367,27,8.2,19.75,0.251,True
Br F Ge Li      ,0.16,0.714,27,52.9,2.0,0.256,True
I Li O V        ,0.295,0.42,27,63.5,8.0,0.288,True
Ce I Li O       ,0.226,0.445,27,63.5,13.75,0.293,True
F Li S W        ,0.191,0.476,27,42.9,7.75,0.342,True
I Li O Zr       ,0.454,0.371,27,63.5,9.25,0.351,True
I Li S Zn       ,0.371,0.388,27,21.2,2.75,0.375,True
I Li N P        ,0.264,0.433,27,56.1,2.5,0.981,True
Br Cl Li V      ,0.175,0.596,28,9.0,9.25,0.032,True
Cl Li Te V      ,0.181,0.538,28,24.0,8.75,0.077,True
Cl Li Se Ti     ,0.354,0.41,28,10.2,9.25,0.087,True
F Li O Sr       ,0.298,0.42,28,5.9,18.5,0.095,True
Br Ga Li Te     ,0.165,0.728,28,13.7,2.25,0.13,False
Ge Li N Se      ,0.19,0.526,28,39.4,3.25,0.14,True
Gd Li N Se      ,0.174,0.62,28,39.4,17.75,0.157,True
Al F Li Te      ,0.222,0.458,28,73.9,3.0,0.186,True
Cl I Li Sb      ,0.209,0.494,28,23.4,2.75,0.226,True
Li S Se Zr      ,0.346,0.413,28,8.2,10.0,0.237,False
Li Nb S Te      ,0.194,0.499,28,21.8,9.25,0.24,False
K Li S Te       ,0.534,0.376,28,21.8,20.0,0.241,True
Ca F Li S       ,0.273,0.442,28,42.9,18.0,0.264,True
Cl I Li Si      ,0.255,0.443,28,23.4,1.25,0.275,True
I Li N Si       ,0.331,0.414,28,56.1,2.0,0.295,True
Br Li S Ti      ,0.357,0.408,28,7.1,8.75,0.297,True
Li N Te Ti      ,0.432,0.39,28,56.8,11.75,0.306,False
Li S Se Y       ,0.581,0.375,28,8.2,17.0,0.314,True
Li Mo N Se      ,0.242,0.449,28,39.4,10.25,0.454,True
F In Li Se      ,0.212,0.487,28,54.6,2.25,0.481,True
Cl Li Te Ti     ,0.361,0.419,29,24.0,9.5,0.045,False
Cl Li N Nb      ,0.26,0.454,29,26.5,10.5,0.056,True
Br Cl Li Zn     ,0.23,0.462,29,9.0,4.25,0.069,True
Cl F Li Mo      ,0.208,0.499,29,40.3,9.25,0.109,True
Cl F Li W       ,0.188,0.545,29,40.3,9.0,0.116,True
Br Li N Zn      ,0.307,0.434,29,37.9,5.0,0.127,True
Ge Li N Te      ,0.198,0.534,29,56.8,3.5,0.129,True
B F Li S        ,0.291,0.447,29,42.9,1.0,0.187,True
F Li N Sn       ,0.231,0.458,29,10.9,3.25,0.207,True
F Li N Ti       ,0.466,0.403,29,10.9,11.25,0.207,False
Cl Li Nb Se     ,0.184,0.559,29,10.2,8.75,0.212,True
Li S Te Zr      ,0.353,0.422,29,21.8,10.25,0.227,True
Ce Li N Te      ,0.19,0.535,29,56.8,16.75,0.243,True
Cl Li O Sc      ,0.543,0.388,29,32.5,10.0,0.279,True
Li S Te Y       ,0.587,0.384,29,21.8,17.25,0.305,False
Li Mg Se Te     ,0.182,0.573,29,12.5,4.5,0.32,False
Br Li Mo Te     ,0.174,0.629,29,13.7,8.0,0.451,False
F In Li Te      ,0.219,0.496,29,73.9,2.5,0.472,True
F Li S V        ,0.223,0.482,29,42.9,8.5,0.979,True
F K Li S        ,0.566,0.389,30,42.9,19.5,0.056,True
Cl F Li Mg      ,0.217,0.509,30,40.3,5.0,0.12,True
Br Li O Ta      ,0.227,0.484,30,44.4,8.75,0.129,True
Br Ce Li N      ,0.184,0.593,30,37.9,15.75,0.13,True
Gd Li N Te      ,0.182,0.629,30,56.8,18.0,0.155,True
Al Br F Li      ,0.216,0.516,30,52.9,3.5,0.172,True
Ba F Li S       ,0.365,0.425,30,42.9,18.5,0.179,True
F Ga Li S       ,0.203,0.534,30,42.9,2.25,0.181,True
I Li P Te       ,0.196,0.548,30,0.5,1.5,0.199,False
Br Li Nb S      ,0.188,0.557,30,7.1,8.25,0.227,True
I Li Nb O       ,0.305,0.45,30,63.5,8.25,0.24,True
Ca Cl Li Se     ,0.225,0.49,30,10.2,18.0,0.247,True
Br Li Mg Se     ,0.175,0.63,30,1.1,3.5,0.308,True
I Li S Ti       ,0.487,0.404,30,21.2,8.5,0.314,False
I In Li N       ,0.38,0.422,30,56.1,3.25,0.334,True
Li Mo N Te      ,0.249,0.458,30,56.8,10.5,0.445,True
Cl Ga Li N      ,0.23,0.476,30,26.5,4.0,0.473,True
Li N Se W       ,0.222,0.496,30,39.4,10.0,0.96,True
Cl I In Li      ,0.306,0.451,31,23.4,2.5,0.005,True
Cl Li Nb Te     ,0.192,0.567,31,24.0,9.0,0.042,True
Br F In Li      ,0.213,0.554,31,52.9,3.0,0.064,True
Cl F Li Ti      ,0.396,0.432,31,40.3,10.5,0.096,True
Br Ge Li N      ,0.191,0.592,31,37.9,2.5,0.114,True
Br I Li P       ,0.19,0.605,31,13.2,2.0,0.136,False
Br Gd Li N      ,0.175,0.685,31,37.9,17.0,0.143,True
Br Li Se V      ,0.178,0.67,31,1.1,8.25,0.166,False
Li Se Te Zn     ,0.24,0.482,31,12.5,4.25,0.174,False
Li Se Te V      ,0.185,0.614,31,12.5,9.25,0.18,False
F Li S Y        ,0.618,0.397,31,42.9,16.75,0.187,True
Gd I Li O       ,0.218,0.541,31,63.5,15.0,0.22,True
Br Ca Li S      ,0.229,0.488,31,7.1,17.5,0.239,True
K Li N Se       ,0.592,0.409,31,39.4,21.75,0.248,True
F Li S Zr       ,0.388,0.435,31,42.9,9.75,0.274,True
Br Li Mg Te     ,0.183,0.638,31,13.7,3.75,0.298,False
I Li N Zn       ,0.44,0.429,31,56.1,4.75,0.299,True
Li Mg N Se      ,0.25,0.459,31,39.4,6.0,0.301,True
Hf Li N O       ,0.417,0.443,32,4.8,11.25,0.095,True
Cl K Li Se      ,0.526,0.437,32,10.2,19.5,0.112,True
Cl F Li V       ,0.22,0.551,32,40.3,9.75,0.127,True
Cl F Ga Li      ,0.2,0.602,32,40.3,3.5,0.145,True
Br Cl Li Nb     ,0.185,0.624,32,9.0,9.5,0.152,True
F Li Mo Se      ,0.212,0.576,32,54.6,8.25,0.155,True
B Br Li S       ,0.247,0.493,32,7.1,0.5,0.16,True
B Cl Li Se      ,0.244,0.495,32,10.2,1.0,0.169,True
Ba Li N Se      ,0.393,0.445,32,39.4,20.75,0.173,True
Cs Li O Se      ,0.64,0.408,32,46.0,20.0,0.202,True
F Li Se W       ,0.192,0.62,32,54.6,8.0,0.21,True
I Li S Sn       ,0.254,0.459,32,21.2,0.5,0.224,False
Br K Li S       ,0.529,0.436,32,7.1,19.0,0.228,True
Ca Cl Li Te     ,0.233,0.499,32,24.0,18.25,0.237,True
Cs Li N S       ,0.72,0.406,32,28.8,22.0,0.238,True
K Li N Te       ,0.598,0.418,32,56.8,22.0,0.238,True
Cl I Li Zn      ,0.369,0.458,32,23.4,4.0,0.435,True
Li N Te W       ,0.229,0.504,32,56.8,10.25,0.954,True
I Li Sb Se      ,0.213,0.571,32,12.0,1.75,0.998,False
Ce F Li N       ,0.229,0.548,33,10.9,16.25,0.124,True
Br Li Te V      ,0.186,0.679,33,13.7,8.5,0.155,True
B Cl Li Te      ,0.251,0.504,33,24.0,1.25,0.158,True
Li N Se V       ,0.253,0.502,33,39.4,10.75,0.158,True
F Li Te W       ,0.199,0.629,33,73.9,8.25,0.161,True
Ba Li N Te      ,0.4,0.454,33,56.8,21.0,0.162,True
Br Li O Sr      ,0.254,0.466,33,44.4,18.0,0.18,True
Br Ca Cl Li     ,0.226,0.557,33,9.0,18.75,0.224,True
F Li Mo Te      ,0.219,0.584,33,73.9,8.5,0.237,True
F Li Nb S       ,0.233,0.512,33,42.9,8.75,0.237,True
F K Li N        ,0.629,0.431,33,10.9,21.5,0.249,True
Ca Li N Se      ,0.303,0.462,33,39.4,20.25,0.258,True
Li Nb Se Te     ,0.195,0.643,33,12.5,9.5,0.266,False
I Li N Ti       ,0.552,0.445,33,56.1,10.5,0.28,True
Br Li S Y       ,0.582,0.444,33,7.1,16.25,0.293,True
Br Li N Ti      ,0.427,0.45,33,37.9,10.75,0.294,True
Li N Se Y       ,0.643,0.417,33,39.4,19.0,0.311,True
I Li Sb Te      ,0.22,0.579,33,0.5,2.0,0.371,False
Cl K Li Te      ,0.532,0.446,33,24.0,19.75,0.935,True
Br Li N W       ,0.223,0.562,33,37.9,9.25,0.946,True
Cl Li Se Y      ,0.579,0.446,34,10.2,16.75,0.105,True
I Li O Sr       ,0.391,0.462,34,63.5,17.75,0.128,True
F Ga Li Se      ,0.204,0.676,34,54.6,2.5,0.132,True
Ga Li N Se      ,0.233,0.553,34,39.4,4.5,0.133,True
F Li Mg Se      ,0.221,0.585,34,54.6,4.0,0.141,True
Br F Li W       ,0.193,0.685,34,52.9,8.75,0.148,True
Br Li Se Zn     ,0.234,0.54,34,1.1,3.25,0.16,True
Br I Li Sb      ,0.214,0.636,34,13.2,2.5,0.184,False
I Li N Sb       ,0.287,0.466,34,56.1,2.0,0.19,True
Cs Li O Te      ,0.646,0.417,34,64.3,20.25,0.192,True
Cl F Li Nb      ,0.23,0.58,34,40.3,10.0,0.193,True
Li N Se Zr      ,0.416,0.454,34,39.4,12.0,0.234,True
Br Li Nb Se     ,0.189,0.698,34,1.1,8.5,0.254,True
Br F Li Mo      ,0.213,0.641,34,52.9,9.0,0.261,True
Li Mg N Te      ,0.258,0.468,34,56.8,6.25,0.292,False
Br Li Mo N      ,0.243,0.517,34,37.9,9.5,0.434,True
Cl Li Te Y      ,0.585,0.454,35,24.0,17.0,0.064,True
F I Li P        ,0.235,0.56,35,73.1,2.5,0.074,True
Cl F K Li       ,0.564,0.459,35,40.3,20.75,0.09,True
Cl Li N Sr      ,0.348,0.466,35,26.5,20.0,0.122,True
Li S Se Ta      ,0.252,0.52,35,8.2,9.25,0.142,True
Li N Te V       ,0.261,0.51,35,56.8,11.0,0.147,True
F Li Mo N       ,0.287,0.471,35,10.9,10.0,0.161,True
Ga I Li O       ,0.275,0.472,35,63.5,1.75,0.175,True
B Li N Se       ,0.32,0.467,35,39.4,3.25,0.181,True
F Li Se V       ,0.224,0.626,35,54.6,8.75,0.195,True
Li N Te Zr      ,0.423,0.463,35,56.8,12.25,0.224,True
Br Li Nb Te     ,0.196,0.707,35,13.7,8.75,0.244,True
Br Li Mg N      ,0.251,0.526,35,37.9,5.25,0.279,True
Li N Te Y       ,0.649,0.426,35,56.8,19.25,0.302,True
F Ga Li Te      ,0.211,0.684,35,73.9,2.75,0.313,True
F Ge Li N       ,0.236,0.547,35,10.9,3.0,0.317,True
F Li Mg Te      ,0.228,0.594,35,73.9,4.25,0.318,True
I K Li S        ,0.647,0.431,35,21.2,18.75,0.485,True
F Gd Li N       ,0.221,0.641,35,10.9,17.5,0.509,True
Br Ga Li N      ,0.234,0.619,36,37.9,3.75,0.108,True
Cl Cs Li S      ,0.658,0.435,36,1.8,19.75,0.111,True
Br Li Te Zn     ,0.241,0.548,36,13.7,3.5,0.149,True
Li N S Sc       ,0.629,0.464,36,28.8,12.0,0.16,True
Ba F Li N       ,0.434,0.466,36,10.9,20.5,0.176,True
Cs F Li O       ,0.676,0.43,36,5.9,20.25,0.176,True
F Li N W        ,0.267,0.517,36,10.9,9.75,0.177,True
Br F Li Mg      ,0.222,0.65,36,52.9,4.75,0.199,True
I Li Mo S       ,0.309,0.471,36,21.2,7.25,0.225,False
F Li Se Zn      ,0.278,0.494,36,54.6,3.75,0.226,True
Ca Cl F Li      ,0.27,0.512,36,40.3,19.25,0.25,True
F Li Mg N       ,0.295,0.481,36,10.9,5.75,0.254,True
Cl I Li Sn      ,0.252,0.528,36,23.4,1.75,0.264,True
Br Ca Li Se     ,0.23,0.632,36,1.1,17.75,0.265,True
Ca Li Se Te     ,0.236,0.575,36,12.5,18.75,0.278,False
I Li Se Si      ,0.258,0.52,36,12.0,0.25,0.304,False
Br F Ga Li      ,0.205,0.74,36,52.9,3.25,0.311,True
Ga Li N Te      ,0.241,0.562,37,56.8,4.75,0.122,True
Li S Ta Te      ,0.259,0.528,37,21.8,9.5,0.131,True
Br F Li V       ,0.225,0.691,37,52.9,9.5,0.132,True
F Li Te V       ,0.231,0.635,37,73.9,9.0,0.162,True
Li S Se Sr      ,0.279,0.502,37,8.2,18.5,0.192,True
Ba I Li S       ,0.455,0.467,37,21.2,17.75,0.213,True
Ca Li N Te      ,0.31,0.471,37,56.8,20.5,0.248,True
F Li N Y        ,0.679,0.439,37,10.9,18.75,0.328,True
Ce I Li S       ,0.252,0.548,37,21.2,13.5,0.446,True
I Li Si Te      ,0.265,0.529,38,0.5,0.5,0.089,False
I Li Mg S       ,0.317,0.481,38,21.2,3.0,0.094,True
B Br Cl Li      ,0.245,0.562,38,9.0,1.75,0.144,True
Ba Br Li S      ,0.323,0.471,38,7.1,18.0,0.152,True
Ba Cl Li Se     ,0.32,0.473,38,10.2,18.5,0.161,True
F Li Te Zn      ,0.285,0.503,38,73.9,4.0,0.179,True
Li O Sc Se      ,0.546,0.467,38,46.0,10.0,0.204,True
I Li S Y        ,0.697,0.439,38,21.2,16.0,0.208,True
Ge I Li S       ,0.259,0.547,38,21.2,0.25,0.209,False
Al I Li Se      ,0.312,0.491,38,12.0,2.0,0.229,True
Li N Nb Se      ,0.263,0.531,38,39.4,11.0,0.246,True
Br Ca Li Te     ,0.237,0.641,38,13.7,18.0,0.255,False
F Li Nb Se      ,0.234,0.655,38,54.6,9.0,0.264,True
Cl Hf Li O      ,0.345,0.471,39,32.5,9.5,0.093,True
Br F Li Nb      ,0.235,0.719,39,52.9,9.75,0.099,False
Cl Li Se Ta     ,0.249,0.588,39,10.2,9.0,0.099,True
Br Li S Ta      ,0.253,0.586,39,7.1,8.5,0.116,True
Br Li N V       ,0.254,0.568,39,37.9,10.0,0.133,True
Cl F Li Y       ,0.616,0.467,39,40.3,18.0,0.133,True
B Li N Te       ,0.327,0.476,39,56.8,3.5,0.17,True
Li S Sr Te      ,0.286,0.511,39,21.8,18.75,0.181,True
B Br Li Se      ,0.248,0.637,39,1.1,0.75,0.189,True
Cl Li N Ta      ,0.322,0.483,39,26.5,10.75,0.207,True
Gd I Li S       ,0.244,0.642,39,21.2,14.75,0.208,True
Al I Li Te      ,0.319,0.499,39,0.5,2.25,0.219,False
Li N Nb Te      ,0.27,0.54,39,56.8,11.25,0.237,True
F Li Nb Te      ,0.241,0.663,39,73.9,9.25,0.254,True
Cl Li Se Sr     ,0.276,0.57,40,10.2,18.25,0.067,True
Ce Cl I Li      ,0.25,0.616,40,23.4,14.75,0.088,True
Br Cl Li Ti     ,0.355,0.478,40,9.0,10.0,0.11,True
Ba Cl Li Te     ,0.327,0.482,40,24.0,18.75,0.15,True
Br F Li Zn      ,0.279,0.561,40,52.9,4.5,0.165,True
B Cl F Li       ,0.288,0.517,40,40.3,2.25,0.172,True
B Li Se Te      ,0.254,0.58,40,12.5,1.75,0.202,False
Cl Gd I Li      ,0.241,0.707,40,23.4,16.0,0.213,True
Br Li S Zr      ,0.347,0.481,40,7.1,9.25,0.214,True
F Li N Zr       ,0.457,0.476,40,10.9,11.75,0.252,False
Cl I Li Ti      ,0.484,0.474,40,23.4,9.75,0.418,True
I K Li N        ,0.708,0.472,40,56.1,20.75,0.482,True
Cl Li Ta Te     ,0.257,0.596,41,24.0,9.25,0.048,True
Br Cl Li Ta     ,0.25,0.653,41,9.0,9.75,0.072,True
F I Li Sb       ,0.258,0.592,41,73.1,3.0,0.093,True
I Li O Ta       ,0.365,0.479,41,63.5,8.5,0.117,True
Cl Li Se Zr     ,0.344,0.483,41,10.2,9.75,0.124,True
Cs I Li O       ,0.753,0.472,41,63.5,19.5,0.137,True
I Li Se Sn      ,0.255,0.604,41,12.0,0.75,0.15,False
Br Li S Sr      ,0.28,0.568,41,7.1,17.75,0.168,True
F Ga Li N       ,0.278,0.574,41,10.9,4.25,0.175,True
Br I Li Si      ,0.259,0.586,41,13.2,1.0,0.203,True
I Li S Zr       ,0.477,0.476,41,21.2,9.0,0.226,True
Gd I Li Se      ,0.245,0.78,41,12.0,15.0,0.235,True
I Li S W        ,0.29,0.517,41,21.2,7.0,0.255,False
I Li N Sn       ,0.328,0.5,41,56.1,2.5,0.284,True
Cl Li Sr Te     ,0.283,0.579,42,24.0,18.5,0.06,True
I Li Sn Te      ,0.262,0.612,42,0.5,1.0,0.075,False
B Br Li Te      ,0.255,0.645,42,13.7,1.0,0.178,True
Cl Ge I Li      ,0.257,0.615,42,23.4,1.5,0.183,False
Li O Sc Te      ,0.552,0.476,42,64.3,10.25,0.194,True
Br Gd I Li      ,0.246,0.842,42,13.2,15.75,0.212,True
Br Li N Nb      ,0.264,0.597,42,37.9,10.25,0.224,True
Gd I Li Te      ,0.252,0.788,42,0.5,15.25,0.225,True
Ce I Li Se      ,0.253,0.69,42,12.0,13.75,0.238,True
Ca F Li N       ,0.346,0.483,42,10.9,20.0,0.261,True
Ca F Li Se      ,0.274,0.588,42,54.6,18.25,0.29,True
F Li N V        ,0.298,0.523,42,10.9,10.5,0.332,True
F Li S Ta       ,0.296,0.541,42,42.9,9.0,0.346,True
Cl Li Te Zr     ,0.35,0.491,43,24.0,10.0,0.084,False
Br Li Se Ta     ,0.254,0.726,43,1.1,8.75,0.146,True
Br Cs Li O      ,0.641,0.476,43,44.4,19.75,0.151,True
I Li S V        ,0.32,0.523,43,21.2,7.75,0.161,True
B F Li N        ,0.363,0.489,43,10.9,3.0,0.184,True
Br Cl Li Sr     ,0.277,0.636,43,9.0,19.0,0.199,True
Ga I Li S       ,0.301,0.575,43,21.2,1.5,0.203,True
Br K Li N       ,0.592,0.477,43,37.9,21.0,0.225,True
Br Ca Li N      ,0.303,0.529,43,37.9,19.5,0.236,True
Br Ca F Li      ,0.275,0.653,43,52.9,19.0,0.268,True
Ca F Li Te      ,0.281,0.596,43,73.9,18.5,0.28,True
Ca I Li S       ,0.367,0.484,43,21.2,17.25,0.295,True
I In Li Se      ,0.31,0.528,43,12.0,1.5,0.361,False
Cl I Li W       ,0.287,0.585,43,23.4,8.25,0.421,True
Br I Li Sn      ,0.256,0.668,43,13.2,1.5,0.985,False
Br Ce I Li      ,0.254,0.753,44,13.2,14.5,0.094,True
B Br Li N       ,0.321,0.534,44,37.9,2.5,0.157,True
Li Se Ta Te     ,0.26,0.671,44,12.5,9.75,0.16,False
Ba Cl F Li      ,0.363,0.495,44,40.3,19.75,0.164,True
F Li O Sc       ,0.584,0.488,44,5.9,10.25,0.173,True
F Li S Sr       ,0.323,0.523,44,42.9,18.25,0.174,True
Cl I Li Mo      ,0.306,0.54,44,23.4,8.5,0.206,True
Li Se Sr Te     ,0.287,0.654,44,12.5,19.0,0.209,True
B F Li Se       ,0.292,0.593,44,54.6,1.25,0.215,True
B I Li S        ,0.384,0.489,44,21.2,0.25,0.221,True
Cl Cs Li N      ,0.718,0.476,44,26.5,21.75,0.226,True
Al F I Li       ,0.355,0.512,44,73.1,3.25,0.232,True
F I Li Si       ,0.303,0.541,44,73.1,1.5,0.251,True
Br Li N Y       ,0.644,0.485,44,37.9,18.25,0.29,True
I In Li Te      ,0.317,0.537,44,0.5,1.75,0.352,False
Cl I Li Mg      ,0.315,0.55,45,23.4,4.25,0.027,True
Cl F Li Ta      ,0.294,0.609,45,40.3,10.25,0.11,True
Ba Br Cl Li     ,0.321,0.54,45,9.0,19.25,0.136,True
B Br F Li       ,0.293,0.658,45,52.9,2.0,0.192,True
Ge I Li Se      ,0.26,0.689,45,12.0,0.5,0.199,False
B F Li Te       ,0.299,0.601,45,73.9,1.5,0.205,True
I Li N Y        ,0.756,0.48,45,56.1,18.0,0.24,True
F Li N Nb       ,0.307,0.552,45,10.9,10.75,0.252,True
Li Se Te Ti     ,0.364,0.497,45,12.5,10.0,0.334,False
Cl Li S Sc      ,0.565,0.493,45,1.8,9.75,0.953,True
I Li Se W       ,0.291,0.66,45,12.0,7.25,0.993,False
Cl I K Li       ,0.645,0.501,46,23.4,20.0,0.039,True
Br Cl Li Zr     ,0.344,0.549,46,9.0,10.5,0.057,True
Ge I Li Te      ,0.267,0.697,46,0.5,0.75,0.123,False
I Li Mo Se      ,0.31,0.616,46,12.0,7.5,0.176,False
F Li Se Ta      ,0.297,0.683,46,54.6,9.25,0.177,True
Li N Se Sr      ,0.351,0.543,46,39.4,20.5,0.189,True
I Li Nb S       ,0.33,0.553,46,21.2,8.0,0.192,True
Al Br I Li      ,0.313,0.557,46,13.2,2.75,0.206,True
I Li Se Zn      ,0.372,0.535,46,12.0,3.0,0.21,False
Ce I Li Te      ,0.261,0.698,46,0.5,14.0,0.222,True
F I Li Sn       ,0.299,0.624,46,73.1,2.0,0.265,True
Cl F Li Zr      ,0.386,0.504,46,40.3,11.0,0.271,True
Br I In Li      ,0.311,0.594,46,13.2,2.25,0.273,False
Hf Li O Se      ,0.348,0.548,46,46.0,9.5,0.282,True
I Li Mo N       ,0.38,0.512,46,56.1,9.25,0.286,True
Cl Ga I Li      ,0.298,0.642,46,23.4,2.75,0.323,True
I Li Te Zn      ,0.379,0.544,47,0.5,3.25,0.099,False
I Li Te W       ,0.298,0.668,47,0.5,7.5,0.112,False
F I In Li       ,0.353,0.55,47,73.1,2.75,0.126,True
Br Li Ta Te     ,0.261,0.734,47,13.7,9.0,0.135,True
Li N Se Ta      ,0.326,0.56,47,39.4,11.25,0.138,True
Ba Br Li N      ,0.394,0.512,47,37.9,20.0,0.148,True
Br Cl K Li      ,0.527,0.505,47,9.0,20.25,0.152,True
Ba Li Se Te     ,0.33,0.559,47,12.5,19.25,0.194,True
Br Li Se Sr     ,0.281,0.71,47,1.1,18.0,0.196,True
Ba I Li N       ,0.521,0.508,47,56.1,19.75,0.21,True
F Li Se Ti      ,0.399,0.51,47,54.6,9.5,0.257,True
I Li Mg N       ,0.388,0.522,47,56.1,5.0,0.281,True
I Li Mo Te      ,0.317,0.624,47,0.5,7.75,0.348,False
Cl I Li V       ,0.318,0.591,47,23.4,9.0,0.431,True
Br Cl Li Y      ,0.579,0.513,48,9.0,17.5,0.036,True
Li O Rb S       ,0.824,0.508,48,34.9,19.5,0.037,True
Cl F Li Sr      ,0.32,0.591,48,40.3,19.5,0.093,True
Li N Ta Te      ,0.332,0.569,48,56.8,11.5,0.127,True
F Li Ta Te      ,0.304,0.691,48,73.9,9.5,0.144,True
I Li N Zr       ,0.542,0.517,48,56.1,11.0,0.144,True
Ce F I Li       ,0.298,0.71,48,73.1,15.0,0.148,True
F Li Te Ti      ,0.406,0.518,48,73.9,9.75,0.173,False
Li N Sr Te      ,0.358,0.551,48,56.8,20.75,0.178,True
Br Ge I Li      ,0.261,0.753,48,13.2,1.25,0.185,False
Br Li Sr Te     ,0.288,0.718,48,13.7,18.25,0.186,True
I Li Mg Se      ,0.318,0.625,48,12.0,3.25,0.204,True
Cs Li S Se      ,0.661,0.512,48,8.2,20.25,0.212,True
Br I Li Mo      ,0.311,0.68,48,13.2,8.25,0.232,False
Ce I Li N       ,0.326,0.589,48,56.1,15.5,0.239,True
Li Se Te Zr     ,0.354,0.568,48,12.5,10.5,0.254,False
Hf Li O Te      ,0.355,0.557,48,64.3,9.75,0.296,True
Cl I Li Y       ,0.695,0.509,48,23.4,17.25,0.444,True
Br I Li W       ,0.292,0.724,49,13.2,8.0,0.097,False
Ba Br Li Se     ,0.324,0.616,49,1.1,18.25,0.181,True
Ga I Li Se      ,0.302,0.715,49,12.0,1.75,0.193,False
Ge I Li N       ,0.333,0.588,49,56.1,2.25,0.193,True
Gd I Li N       ,0.318,0.681,49,56.1,16.75,0.205,True
Br Li N Zr      ,0.417,0.521,49,37.9,11.25,0.211,False
I Li Se V       ,0.321,0.666,49,12.0,8.0,0.216,True
F Ge I Li       ,0.305,0.71,49,73.1,1.75,0.258,True
Ca Cl I Li      ,0.365,0.553,49,23.4,18.5,0.281,True
Br Li Se Ti     ,0.358,0.555,49,1.1,9.0,0.322,True
F Gd I Li       ,0.29,0.8,49,73.1,16.25,0.364,True
Br Li N Ta      ,0.326,0.625,50,37.9,10.5,0.113,True
Ga I Li Te      ,0.309,0.723,50,0.5,2.0,0.116,False
Cs Li S Te      ,0.667,0.521,50,21.8,20.5,0.143,True
Br Li N Sr      ,0.352,0.608,50,37.9,19.75,0.164,True
B Cl I Li       ,0.382,0.557,50,23.4,1.5,0.206,True
Br I Li Mg      ,0.319,0.69,50,13.2,4.0,0.211,True
I Li N W        ,0.362,0.558,50,56.1,9.0,0.219,True
Cl I Li Nb      ,0.327,0.62,50,23.4,9.25,0.221,True
I Li Mg Te      ,0.325,0.634,50,0.5,3.5,0.225,False
Br F Li Ta      ,0.298,0.746,50,52.9,10.0,0.244,True
K Li Se Te      ,0.535,0.524,50,12.5,20.25,0.267,True
Br Hf Li O      ,0.349,0.614,50,44.4,9.25,0.289,True
Ca I Li N       ,0.437,0.525,50,56.1,19.25,0.292,True
F I Li Zn       ,0.414,0.556,50,73.1,4.25,0.332,True
F Li Se Sr      ,0.324,0.666,50,54.6,18.5,0.333,True
Br I Li V       ,0.322,0.73,51,13.2,8.75,0.08,True
Hf Li N S       ,0.441,0.546,51,28.8,11.5,0.112,True
I Li Te V       ,0.328,0.674,51,0.5,8.25,0.123,False
Ba Br Li Te     ,0.331,0.624,51,13.7,18.5,0.17,True
Br Ga I Li      ,0.303,0.778,51,13.2,2.5,0.179,False
B I Li N        ,0.453,0.53,51,56.1,2.25,0.218,True
I Li O Sc       ,0.664,0.529,51,63.5,9.5,0.283,True
Br Li Te Ti     ,0.365,0.564,51,13.7,9.25,0.313,False
I Li N V        ,0.391,0.564,52,56.1,9.75,0.111,True
F Li Sr Te      ,0.331,0.674,52,73.9,18.75,0.146,True
Br F Li Sr      ,0.324,0.73,52,52.9,19.25,0.163,True
Br Li O Sc      ,0.546,0.534,52,44.4,9.75,0.18,True
Ba Cl I Li      ,0.453,0.536,52,23.4,19.0,0.198,True
Ba F Li Se      ,0.366,0.571,52,54.6,18.75,0.208,True
Br Li Se Zr     ,0.348,0.625,52,1.1,9.5,0.242,True
Li Se Te Y      ,0.588,0.532,52,12.5,17.5,0.33,True
I Li Nb Se      ,0.33,0.694,52,12.0,8.25,0.361,True
Cl Hf Li S      ,0.37,0.574,53,1.8,9.25,0.082,True
F Li N Ta       ,0.368,0.581,53,10.9,11.0,0.108,True
Cl Li N Sc      ,0.627,0.533,53,26.5,11.75,0.129,True
F I Li Mo       ,0.353,0.637,53,73.1,8.75,0.132,True
F K Li Se       ,0.567,0.536,53,54.6,19.75,0.17,True
Cl I Li Zr      ,0.475,0.545,53,23.4,10.25,0.204,True
Br Li Te Zr     ,0.355,0.633,53,13.7,9.75,0.232,True
F Li N Sr       ,0.394,0.564,53,10.9,20.25,0.268,True
Br I Li Nb      ,0.331,0.757,53,13.2,9.0,0.292,True
F I Li W        ,0.334,0.681,53,73.1,8.5,0.318,True
F Hf Li O       ,0.391,0.569,53,5.9,9.75,0.373,True
F I Li Mg       ,0.361,0.646,54,73.1,4.5,0.143,True
Cs F Li S       ,0.697,0.534,54,42.9,20.0,0.164,True
Ba Br F Li      ,0.367,0.636,54,52.9,19.5,0.184,True
F K Li Te       ,0.573,0.545,54,73.9,20.0,0.192,True
Ba F Li Te      ,0.373,0.58,54,73.9,19.0,0.197,True
F Li Se Y       ,0.619,0.544,54,54.6,17.0,0.198,True
Br F Li Ti      ,0.4,0.576,54,52.9,10.25,0.202,True
I Li Nb Te      ,0.337,0.702,54,0.5,8.5,0.211,False
I Li S Sr       ,0.415,0.564,54,21.2,17.5,0.255,True
Ca I Li Se      ,0.368,0.628,54,12.0,17.5,0.32,True
I Li Se Ti      ,0.487,0.551,54,12.0,8.75,0.366,True
Li N O Rb       ,0.879,0.548,55,4.8,21.5,0.033,True
I Li Te Ti      ,0.494,0.559,55,0.5,9.0,0.092,False
Br I Li Zn      ,0.373,0.601,55,13.2,3.75,0.115,True
F Ga I Li       ,0.345,0.735,55,73.1,3.0,0.146,True
F Li Te Y       ,0.625,0.553,55,73.9,17.25,0.15,True
F Li Se Zr      ,0.389,0.58,55,54.6,10.0,0.215,True
F I Li V        ,0.364,0.686,55,73.1,9.25,0.304,True
Cs Li N Se      ,0.721,0.553,56,39.4,22.25,0.171,True
Ga I Li N       ,0.373,0.614,56,56.1,3.5,0.187,True
Li S Sc Se      ,0.568,0.569,56,8.2,10.25,0.192,True
I Li S Ta       ,0.39,0.582,56,21.2,8.25,0.245,True
F I Li Ti       ,0.527,0.572,56,73.1,10.0,0.27,False
Br Ca I Li      ,0.369,0.692,56,13.2,18.25,0.299,True
Cl Hf Li Se     ,0.37,0.714,57,10.2,9.5,0.001,True
F Li Te Zr      ,0.396,0.589,57,73.9,10.25,0.172,True
Li S Sc Te      ,0.574,0.578,57,21.8,10.5,0.181,False
Cs Li N Te      ,0.726,0.561,57,56.8,22.5,0.186,True
B I Li Se       ,0.385,0.633,57,12.0,0.5,0.248,True
Br K Li Se      ,0.53,0.581,57,1.1,19.25,0.255,True
Hf Li S Se      ,0.373,0.649,57,8.2,9.75,0.285,True
Ca I Li Te      ,0.375,0.636,57,0.5,17.75,0.311,True
I K Li Se       ,0.648,0.577,57,12.0,19.0,0.507,True
Br Cl Hf Li     ,0.371,0.777,58,9.0,10.25,0.009,True
F I Li Nb       ,0.373,0.715,58,73.1,9.5,0.057,True
Br Cs Li S      ,0.662,0.579,58,7.1,19.5,0.118,True
Cl Cs Li Se     ,0.659,0.581,58,10.2,20.0,0.128,True
Br F Li Zr      ,0.39,0.645,58,52.9,10.75,0.154,True
Cs F Li N       ,0.756,0.574,58,10.9,22.0,0.16,True
I Li N Nb       ,0.4,0.593,58,56.1,10.0,0.196,True
B I Li Te       ,0.392,0.641,58,0.5,0.75,0.238,True
Br K Li Te      ,0.536,0.59,58,13.7,19.5,0.245,True
Cl I Li Ta      ,0.387,0.648,58,23.4,9.5,0.281,True
Hf Li S Te      ,0.38,0.657,58,21.8,10.0,0.31,True
Br Li Se Y      ,0.582,0.589,58,1.1,16.5,0.318,True
Br Hf Li S      ,0.374,0.713,58,7.1,9.0,0.34,True
I K Li Te       ,0.654,0.586,58,0.5,19.25,0.499,True
Cl Hf Li Te     ,0.377,0.723,59,24.0,9.75,0.02,True
Cl Hf Li N      ,0.439,0.613,59,26.5,11.25,0.061,True
Cl Cs Li Te     ,0.665,0.589,59,24.0,20.25,0.115,True
Cs I Li S       ,0.773,0.574,59,21.2,19.25,0.153,True
Hf I Li O       ,0.479,0.61,59,63.5,9.0,0.162,True
Br F K Li       ,0.568,0.602,59,52.9,20.5,0.177,True
B Br I Li       ,0.386,0.697,59,13.2,1.25,0.225,True
Ba I Li Se      ,0.456,0.612,59,12.0,18.0,0.24,True
F Li S Sc       ,0.605,0.59,59,42.9,10.0,0.283,True
Cl I Li Sr      ,0.412,0.631,59,23.4,18.75,0.29,True
Br Li Te Y      ,0.588,0.598,59,13.7,16.75,0.309,True
I Li N Sr       ,0.482,0.604,59,56.1,19.5,0.309,True
Ca F I Li       ,0.41,0.649,59,73.1,18.75,0.323,True
I Li Se Y       ,0.698,0.585,59,12.0,16.25,0.362,True
Br Hf Li Se     ,0.375,0.849,59,1.1,9.25,0.488,True
I Li Te Y       ,0.704,0.593,60,0.5,16.5,0.11,True
F I K Li        ,0.684,0.598,60,73.1,20.25,0.113,True
Br F Li Y       ,0.62,0.61,60,52.9,17.75,0.136,True
Cl Li O Rb      ,0.822,0.576,60,32.5,19.75,0.147,True
Li N Sc Se      ,0.63,0.609,60,39.4,12.25,0.189,True
I Li Se Ta      ,0.39,0.722,60,12.0,8.5,0.197,True
F Hf Li S       ,0.414,0.669,60,42.9,9.5,0.224,True
Ba I Li Te      ,0.462,0.62,60,0.5,18.25,0.23,True
B F I Li        ,0.426,0.653,60,73.1,1.75,0.251,True
Br I Li Ti      ,0.488,0.616,60,13.2,9.5,0.276,True
I Li N Ta       ,0.458,0.621,60,56.1,10.25,0.3,True
Hf Li Se Te     ,0.381,0.795,60,12.5,10.25,0.301,True
I Li Ta Te      ,0.397,0.73,61,0.5,8.75,0.095,True
Hf Li N Se      ,0.442,0.688,61,39.4,11.75,0.099,True
Li N Sc Te      ,0.636,0.618,61,56.8,12.5,0.178,True
Br I Li Ta      ,0.391,0.785,61,13.2,9.25,0.197,True
Ba Br I Li      ,0.457,0.676,61,13.2,18.75,0.217,True
I Li Se Sr      ,0.415,0.705,61,12.0,17.75,0.245,True
Br Hf Li Te     ,0.381,0.857,61,13.7,9.5,0.288,True
I Li Se Zr      ,0.478,0.621,61,12.0,9.25,0.288,True
Cl Cs F Li      ,0.695,0.601,61,40.3,21.25,0.303,True
Cl F Hf Li      ,0.412,0.735,62,40.3,10.75,0.086,True
Br I Li Zr      ,0.479,0.685,62,13.2,10.0,0.103,True
I Li Sr Te      ,0.422,0.714,62,0.5,18.0,0.107,True
Hf Li N Te      ,0.448,0.696,62,56.8,12.0,0.129,True
I Li Te Zr      ,0.484,0.629,62,0.5,9.5,0.129,True
Br Cs Li N      ,0.721,0.618,62,37.9,21.5,0.179,True
F I Li Y        ,0.733,0.606,62,73.1,17.5,0.307,True
F Li N Sc       ,0.667,0.63,63,10.9,12.0,0.073,True
Cs I Li N       ,0.83,0.614,63,56.1,21.25,0.206,True
Ba F I Li       ,0.496,0.632,63,73.1,19.25,0.243,True
F I Li Sr       ,0.456,0.726,63,73.1,19.0,0.254,True
F I Li Ta       ,0.432,0.742,63,73.1,9.75,0.28,True
F Hf Li Se      ,0.415,0.807,63,54.6,9.75,0.301,True
Br I Li Sr      ,0.416,0.768,63,13.2,18.5,0.35,True
F Hf Li N       ,0.482,0.708,63,10.9,11.5,1.0,True
Br Hf Li N      ,0.443,0.751,64,37.9,11.0,0.103,True
F Hf Li Te      ,0.422,0.815,64,73.9,10.0,0.11,True
Hf I Li S       ,0.502,0.708,64,21.2,8.75,0.149,True
Br Li S Sc      ,0.568,0.634,64,7.1,9.5,0.168,True
Cl Li Sc Se     ,0.565,0.636,64,10.2,10.0,0.212,True
Br F Hf Li      ,0.416,0.868,64,52.9,10.5,0.241,True
I Li S Sc       ,0.685,0.63,64,21.2,9.25,0.272,True
F I Li Zr       ,0.517,0.641,64,73.1,10.5,0.323,True
Cl Hf I Li      ,0.5,0.773,65,23.4,10.0,0.075,True
Br I K Li       ,0.649,0.642,65,13.2,19.75,0.102,True
Cl Li Sc Te     ,0.572,0.645,65,24.0,10.25,0.138,True
Cl Cs I Li      ,0.771,0.641,65,23.4,20.5,0.142,True
Br Cl Li Sc     ,0.566,0.7,65,9.0,10.75,0.939,True
Hf I Li N       ,0.567,0.747,66,56.1,10.75,0.146,True
Cl F Li Sc      ,0.603,0.657,66,40.3,11.25,0.155,True
Hf I Li Se      ,0.503,0.845,66,12.0,9.0,0.178,True
Li Sc Se Te     ,0.574,0.718,66,12.5,10.75,0.21,False
Br Cl Cs Li     ,0.66,0.646,66,9.0,20.75,0.268,True
Li N Rb S       ,0.898,0.649,67,28.8,21.75,0.019,True
Br I Li Y       ,0.699,0.65,67,13.2,17.0,0.084,True
Br Hf I Li      ,0.504,0.906,67,13.2,9.75,0.154,True
Cs Li Se Te     ,0.668,0.664,67,12.5,20.75,0.159,True
F Li Sc Se      ,0.606,0.73,67,54.6,10.25,0.163,True
Br Li N Sc      ,0.631,0.674,67,37.9,11.5,0.165,True
Hf I Li Te      ,0.509,0.853,67,0.5,9.25,0.168,True
Br Li Sc Se     ,0.569,0.773,67,1.1,9.75,0.196,True
Br Cs Li Se     ,0.663,0.719,68,1.1,19.75,0.066,True
Li O Rb Se      ,0.824,0.651,68,46.0,19.75,0.07,True
Br Li Sc Te     ,0.575,0.781,68,13.7,10.0,0.186,True
Cs F Li Se      ,0.698,0.676,68,54.6,20.25,0.192,True
F Hf I Li       ,0.542,0.864,68,73.1,10.25,0.229,True
Cl I Li Sc      ,0.683,0.696,68,23.4,10.5,0.261,True
I Li N Sc       ,0.744,0.67,68,56.1,11.25,0.269,True
F Li Sc Te      ,0.612,0.739,68,73.9,10.5,0.337,True
Li O Rb Te      ,0.83,0.659,69,64.3,20.0,0.058,True
Br F Li Sc      ,0.607,0.793,69,52.9,11.0,0.169,True
Cs F Li Te      ,0.703,0.684,69,73.9,20.5,0.182,True
Br Cs Li Te     ,0.668,0.727,69,13.7,20.0,0.258,True
F Li O Rb       ,0.858,0.672,70,5.9,20.0,0.091,True
Cs I Li Se      ,0.774,0.715,70,12.0,19.5,0.14,True
Br Cs F Li      ,0.698,0.739,70,52.9,21.0,0.168,True
Cl Li Rb S      ,0.841,0.676,70,1.8,19.5,0.176,True
I Li Sc Se      ,0.686,0.769,70,12.0,9.5,0.221,True
Br Li O Rb      ,0.825,0.715,71,44.4,19.5,0.042,True
Cs I Li Te      ,0.78,0.723,71,0.5,19.75,0.169,True
I Li Sc Te      ,0.691,0.777,71,0.5,9.75,0.298,True
Br I Li Sc      ,0.686,0.831,71,13.2,10.25,0.354,True
I Li O Rb       ,0.929,0.711,71,63.5,19.25,0.357,True
F I Li Sc       ,0.721,0.789,72,73.1,10.75,0.081,True
Cl Li N Rb      ,0.896,0.715,72,26.5,21.5,0.108,True
Br Cs I Li      ,0.775,0.778,72,13.2,20.25,0.145,True
Cs F I Li       ,0.808,0.735,72,73.1,20.75,0.228,True
Li Rb S Se      ,0.844,0.749,73,8.2,20.0,0.056,True
Cl Li Rb Se     ,0.842,0.813,73,10.2,19.75,0.125,True
Br Li Rb S      ,0.844,0.811,74,7.1,19.25,0.028,True
Li Rb S Te      ,0.849,0.757,74,21.8,20.25,0.044,True
Br Cl Li Rb     ,0.842,0.875,74,9.0,20.5,0.283,True
Br Li Rb Se     ,0.845,0.944,75,1.1,19.5,0.061,True
F Li Rb S       ,0.877,0.769,75,42.9,19.75,0.201,True
Cl Li Rb Te     ,0.847,0.821,75,24.0,20.0,0.305,True
Li N Rb Se      ,0.899,0.787,76,39.4,22.0,0.052,True
Li Rb Se Te     ,0.85,0.892,76,12.5,20.5,0.076,True
Cl F Li Rb      ,0.875,0.833,76,40.3,21.0,0.138,True
Br Li N Rb      ,0.899,0.849,77,37.9,21.25,0.024,True
Li N Rb Te      ,0.904,0.795,77,56.8,22.25,0.04,True
Br Li Rb Te     ,0.85,0.952,77,13.7,19.75,0.049,True
F Li Rb Se      ,0.877,0.903,77,54.6,20.0,0.191,True
Br F Li Rb      ,0.878,0.963,78,52.9,20.75,0.149,True
F Li Rb Te      ,0.883,0.911,78,73.9,20.25,0.223,True
F Li N Rb       ,0.931,0.807,78,10.9,21.75,0.269,True
Cl I Li Rb      ,0.945,0.871,79,23.4,20.25,0.236,True
I Li Rb S       ,0.947,0.807,79,21.2,19.0,0.983,True
I Li N Rb       ,1.0,0.845,80,56.1,21.0,0.344,True
I Li Rb Se      ,0.948,0.94,80,12.0,19.25,0.347,True
I Li Rb Te      ,0.953,0.948,81,0.5,19.5,0.193,True
Br I Li Rb      ,0.949,1.0,81,13.2,20.0,0.232,True
F I Li Rb       ,0.98,0.959,82,73.1,20.5,0.061,True
