phases,cgcnn,mat2vec,pareto_cgcnn_mat2vec,anion radii diff %,distance from LSSI,leaf,Predicted_Order?,pareto_cgcnn_mat2vec_distance from LSSI,distance_from_LiTa2PO8
Li N P S        ,0.115,0.215,6,28.8,3.25,0.203,True,3,10.5
Br Cl Li P      ,0.029,0.466,6,9.0,2.5,0.099,True,1,9.75
Li P S Se       ,0.031,0.327,6,8.2,2.0,0.234,False,4,8.75
Cl Li S Sb      ,0.054,0.279,6,1.8,2.0,0.146,True,5,9.08
Cl Li S Si      ,0.104,0.224,6,1.8,0.5,0.3,False,1,10.25
Cl Li P Te      ,0.037,0.407,7,24.0,2.0,0.074,False,4,9.75
Li P S Te       ,0.04,0.336,7,21.8,2.25,0.224,False,5,9.0
Br Li P Se      ,0.033,0.543,7,1.1,1.5,0.238,False,5,9.25
Li N S Sb       ,0.14,0.249,8,28.8,2.75,0.137,True,1,10.0
Cl Li N P       ,0.112,0.288,8,26.5,3.0,0.16,True,4,11.25
Li P Se Te      ,0.041,0.485,8,12.5,2.5,0.251,False,6,9.25
Cl Li Sb Se     ,0.055,0.431,8,10.2,2.25,0.291,False,5,9.33
Li S Sb Se      ,0.058,0.36,8,8.2,2.5,0.17,False,6,8.58
F Li P S        ,0.082,0.349,9,42.9,1.75,0.317,True,3,9.5
Al Li N S       ,0.244,0.162,9,28.8,4.5,0.132,True,6,13.25
Li S Sb Te      ,0.066,0.369,9,21.8,2.75,0.159,False,7,8.83
Br Li P Te      ,0.042,0.552,9,13.7,1.75,0.228,False,2,9.5
Br Cl Li Sb     ,0.056,0.499,9,9.0,3.0,0.12,True,7,9.58
Li S Se Si      ,0.108,0.307,9,8.2,1.0,0.254,False,6,9.75
Br Li S Sb      ,0.059,0.429,9,7.1,1.75,0.145,False,7,8.83
Al Cl Li S      ,0.163,0.192,9,1.8,2.25,0.119,True,6,12.0
Cl Li S Sn      ,0.1,0.315,9,1.8,1.0,0.139,True,4,10.75
Li N S Si       ,0.187,0.194,10,28.8,2.75,0.224,False,0,11.5
Cl Li Sb Te     ,0.063,0.44,10,24.0,2.5,0.128,False,8,9.58
Li S Si Te      ,0.116,0.316,10,21.8,1.25,0.244,False,5,10.0
Cl Li Se Si     ,0.105,0.378,10,10.2,0.75,0.064,True,3,10.5
Br Li S Si      ,0.109,0.376,10,7.1,0.25,0.232,True,4,10.0
Cl In Li S      ,0.16,0.233,10,1.8,1.75,0.121,True,8,11.5
Br Li Sb Se     ,0.06,0.575,10,1.1,2.0,0.174,False,4,9.08
F Li S Sb       ,0.108,0.382,11,42.9,2.25,0.212,True,6,9.33
Cl F Li P       ,0.079,0.42,11,40.3,3.0,0.122,True,4,10.25
Li N P Se       ,0.116,0.369,11,39.4,3.5,0.231,True,6,10.75
Cl Li N Sb      ,0.137,0.322,11,26.5,2.5,0.29,True,6,10.75
Cl Li N Si      ,0.184,0.268,11,26.5,2.5,0.944,True,6,12.25
Al Li S Se      ,0.167,0.275,11,8.2,2.75,0.165,False,4,11.5
Li N P Te       ,0.123,0.378,12,56.8,3.75,0.221,False,8,11.0
In Li N S       ,0.241,0.203,12,28.8,4.0,0.02,True,9,12.75
Cl Li Si Te     ,0.113,0.387,12,24.0,1.0,0.041,True,9,10.75
Al Li S Te      ,0.175,0.284,12,21.8,3.0,0.154,False,8,11.75
Li Sb Se Te     ,0.067,0.518,12,12.5,3.0,0.188,False,7,9.08
Li S Se Sn      ,0.104,0.395,12,8.2,1.5,0.091,False,7,10.25
Ce Cl Li S      ,0.099,0.408,12,1.8,14.0,0.012,True,8,23.75
F Li P Se       ,0.083,0.498,13,54.6,2.0,0.158,True,5,9.75
Cl F Li Sb      ,0.105,0.453,13,40.3,3.5,0.126,True,9,10.08
Li N S Sn       ,0.184,0.285,13,28.8,3.25,0.056,True,8,12.0
Al Cl Li N      ,0.241,0.236,13,26.5,4.25,0.115,True,9,14.0
Li S Sn Te      ,0.112,0.404,13,21.8,1.75,0.08,False,6,10.5
Br Li Sb Te     ,0.068,0.584,13,13.7,2.25,0.164,False,10,9.33
Cl Li Se Sn     ,0.101,0.465,13,10.2,1.25,0.081,True,9,11.0
In Li S Se      ,0.164,0.315,13,8.2,2.25,0.057,False,4,11.0
Cl Li S W       ,0.14,0.376,13,1.8,7.5,0.114,True,9,17.25
Cl Li S Zn      ,0.228,0.241,13,1.8,3.25,0.135,True,6,13.0
Cl Ge Li S      ,0.106,0.407,13,1.8,0.75,0.177,True,9,10.5
Br F Li P       ,0.084,0.565,14,52.9,2.75,0.199,True,8,10.0
F Li S Si       ,0.156,0.329,14,42.9,0.75,0.125,True,7,10.5
Li N Sb Se      ,0.141,0.402,14,39.4,3.0,0.167,True,8,10.25
Li N S Zn       ,0.306,0.21,14,28.8,5.5,0.122,True,8,14.25
In Li S Te      ,0.172,0.324,14,21.8,2.5,0.045,False,5,11.25
Br Cl Li Si     ,0.106,0.447,14,9.0,1.5,0.279,True,10,10.75
Ce Li S Se      ,0.102,0.486,14,8.2,14.5,0.307,True,9,23.25
Br Li S Sn      ,0.105,0.463,14,7.1,0.75,0.064,True,0,10.5
Cl Li Mo S      ,0.16,0.328,14,1.8,7.75,0.137,True,9,17.5
Cl Gd Li S      ,0.089,0.504,14,1.8,15.25,0.213,True,7,25.0
F Li P Te       ,0.091,0.507,15,73.9,2.25,0.24,True,9,10.0
Li N Sb Te      ,0.149,0.411,15,56.8,3.25,0.156,False,6,10.5
Al F Li S       ,0.214,0.298,15,42.9,2.5,0.168,True,9,12.25
Cl F Li Si      ,0.154,0.4,15,40.3,2.0,0.144,True,9,11.25
Br Li N P       ,0.117,0.438,15,37.9,2.75,0.208,True,7,11.0
Cl In Li N      ,0.238,0.277,15,26.5,3.75,0.188,True,7,13.5
Cl Li Sn Te     ,0.109,0.474,15,24.0,1.5,0.027,True,7,11.25
Al Cl Li Se     ,0.164,0.348,15,10.2,2.5,0.149,True,7,12.25
Cl Gd Li Se     ,0.09,0.648,15,10.2,15.5,0.164,True,10,25.25
Al Br Li S      ,0.168,0.346,15,7.1,2.0,0.14,True,10,11.75
Cl Li Mg S      ,0.169,0.338,15,1.8,3.5,0.219,True,11,13.25
F Li Sb Se      ,0.109,0.53,16,54.6,2.5,0.114,True,11,9.58
F Li S Sn       ,0.153,0.417,16,42.9,1.25,0.223,True,10,11.0
F In Li S       ,0.211,0.338,16,42.9,2.0,0.458,True,10,11.75
Li N Se Si      ,0.188,0.349,16,39.4,3.0,0.251,False,8,11.75
Li N S Ti       ,0.425,0.227,16,28.8,11.25,0.29,False,7,20.0
Li Mo N S       ,0.241,0.298,16,28.8,10.0,0.431,False,11,18.75
Al Cl Li Te     ,0.172,0.357,16,24.0,2.75,0.138,True,9,12.5
Li Se Si Te     ,0.117,0.466,16,12.5,1.5,0.271,False,9,10.25
Ce Cl Li Se     ,0.1,0.555,16,10.2,14.25,0.046,True,8,24.0
Br Cl Li Sn     ,0.103,0.532,16,9.0,2.0,0.114,True,4,11.25
Br Cl Gd Li     ,0.091,0.712,16,9.0,16.25,0.212,True,10,25.5
Ge Li S Se      ,0.11,0.485,16,8.2,1.25,0.143,False,10,10.0
Gd Li S Se      ,0.093,0.581,16,8.2,15.75,0.16,True,6,24.5
Li S Se W       ,0.143,0.455,16,8.2,8.0,0.962,False,5,16.75
Br In Li S      ,0.165,0.385,16,7.1,1.5,0.029,True,4,11.25
Al Li N Se      ,0.245,0.318,17,39.4,4.75,0.161,True,9,13.5
Br Li N Sb      ,0.142,0.47,17,37.9,2.25,0.142,True,8,10.5
Li Mg N S       ,0.249,0.309,17,28.8,5.75,0.275,True,10,14.5
Li N S W        ,0.221,0.346,17,28.8,9.75,0.944,True,10,18.5
Cl Li N Zn      ,0.303,0.284,17,26.5,5.25,0.025,True,5,15.0
Cl Li N Sn      ,0.181,0.357,17,26.5,3.0,0.286,True,9,12.75
Ge Li S Te      ,0.118,0.494,17,21.8,1.5,0.132,False,10,10.25
Ce Li S Te      ,0.11,0.495,17,21.8,14.75,0.149,True,10,23.5
Gd Li S Te      ,0.101,0.589,17,21.8,16.0,0.189,True,11,24.75
Li S Te W       ,0.151,0.463,17,21.8,8.25,0.956,False,7,17.0
Cl In Li Se     ,0.161,0.387,17,10.2,2.0,0.144,True,10,11.75
Li S Se Zn      ,0.232,0.323,17,8.2,3.75,0.155,False,10,12.5
Br Ce Li S      ,0.103,0.553,17,7.1,13.75,0.066,True,10,23.5
Br Gd Li S      ,0.094,0.646,17,7.1,15.0,0.146,True,10,24.75
Cl Li S V       ,0.173,0.382,17,1.8,8.25,0.166,True,8,18.0
Cl Ga Li S      ,0.152,0.435,17,1.8,2.0,0.254,True,5,11.75
Li N Si Te      ,0.196,0.358,18,56.8,3.25,0.241,False,12,12.0
F Li Se Si      ,0.157,0.479,18,54.6,1.0,0.183,True,11,10.75
Cl F Li Sn      ,0.15,0.487,18,40.3,2.5,0.165,True,11,11.75
Ge Li N S       ,0.189,0.378,18,28.8,3.0,0.11,True,5,11.75
Ce Li N S       ,0.182,0.379,18,28.8,16.25,0.157,True,9,25.0
Ca Li N S       ,0.302,0.311,18,28.8,20.0,0.231,True,10,28.75
Cl Gd Li Te     ,0.098,0.656,18,24.0,15.75,0.337,True,2,25.5
Li S Te Zn      ,0.239,0.332,18,21.8,4.0,0.144,False,11,12.75
F Li N P        ,0.164,0.391,18,10.9,3.25,0.279,True,5,11.5
Cl Ge Li Se     ,0.107,0.554,18,10.2,1.0,0.258,False,10,10.75
Br Ce Cl Li     ,0.101,0.62,18,9.0,15.0,0.018,True,12,24.25
Cl Li S Ti      ,0.353,0.257,18,1.8,9.0,0.062,True,8,18.75
Ca Cl Li S      ,0.224,0.341,18,1.8,17.75,0.22,True,5,27.5
Br Li Se Sn     ,0.106,0.608,18,1.1,1.0,0.096,False,10,10.75
Br Gd Li Se     ,0.095,0.784,18,1.1,15.25,0.175,True,11,25.0
Br Li Se Si     ,0.11,0.525,18,1.1,0.5,0.258,False,11,10.25
F Li Sb Te      ,0.117,0.539,19,73.9,2.75,0.212,True,11,9.83
Al Li N Te      ,0.252,0.327,19,56.8,5.0,0.151,True,11,13.75
Ce F Li S       ,0.151,0.507,19,42.9,14.25,0.13,True,11,24.0
Al Cl F Li      ,0.211,0.37,19,40.3,3.75,0.152,True,5,13.0
Ba Li N S       ,0.392,0.293,19,28.8,20.5,0.144,True,8,29.25
B Li N S        ,0.319,0.317,19,28.8,3.0,0.152,True,8,11.25
K Li N S        ,0.591,0.256,19,28.8,21.5,0.221,True,10,30.25
Ce Cl Li Te     ,0.108,0.563,19,24.0,14.5,0.034,True,12,24.25
Br Li Si Te     ,0.118,0.533,19,13.7,0.75,0.248,True,9,10.5
Li Se Sn Te     ,0.113,0.551,19,12.5,2.0,0.111,False,11,10.75
Gd Li Se Te     ,0.102,0.729,19,12.5,16.25,0.178,True,10,25.0
Cl Li Se W      ,0.141,0.524,19,10.2,7.75,0.118,True,12,17.5
Cl Li Mo Se     ,0.161,0.478,19,10.2,8.0,0.16,True,13,17.75
Al Br Cl Li     ,0.165,0.417,19,9.0,3.25,0.124,True,11,12.5
Br Cl In Li     ,0.162,0.455,19,9.0,2.75,0.129,True,12,12.0
Br Ge Li S      ,0.111,0.552,19,7.1,0.5,0.118,False,11,10.25
Br Li S W       ,0.144,0.522,19,7.1,7.25,0.948,True,10,17.0
B Cl Li S       ,0.243,0.346,19,1.8,0.75,0.139,True,12,10.0
Br Ce Li Se     ,0.104,0.694,19,1.1,14.0,0.011,True,9,23.75
Br F Li Sb      ,0.11,0.596,20,52.9,3.25,0.325,True,10,9.83
F Ge Li S       ,0.158,0.507,20,42.9,1.0,0.258,True,9,10.75
F Li S Zn       ,0.277,0.345,20,42.9,3.5,0.267,True,7,13.25
In Li N Se      ,0.242,0.358,20,39.4,4.25,0.053,True,12,13.0
Li N S V        ,0.252,0.353,20,28.8,10.5,0.129,True,9,19.25
Li N S Zr       ,0.415,0.303,20,28.8,11.75,0.207,False,12,20.5
Cl Li Mo N      ,0.238,0.37,20,26.5,9.75,0.225,True,7,19.5
Cl Ge Li Te     ,0.115,0.562,20,24.0,1.25,0.058,False,13,11.0
Cl Li Te W      ,0.148,0.532,20,24.0,8.0,0.066,True,11,17.75
Cl In Li Te     ,0.169,0.396,20,24.0,2.25,0.209,False,12,12.0
Br Gd Li Te     ,0.103,0.792,20,13.7,15.5,0.165,True,10,25.25
Al F Li N       ,0.289,0.341,20,10.9,4.5,0.165,True,6,14.25
F Li N Si       ,0.234,0.371,20,10.9,2.75,0.185,True,12,12.5
Br Cl Ge Li     ,0.108,0.619,20,9.0,1.75,0.196,True,12,11.0
Ga Li S Se      ,0.155,0.513,20,8.2,2.5,0.137,False,12,11.25
Br Li Mo S      ,0.165,0.476,20,7.1,7.5,0.437,True,12,17.25
Ba Cl Li S      ,0.319,0.323,20,1.8,18.25,0.131,True,12,28.0
F Li Si Te      ,0.165,0.488,21,73.9,1.25,0.128,True,11,11.0
In Li N Te      ,0.249,0.367,21,56.8,4.5,0.041,True,7,13.25
F Li Se Sn      ,0.154,0.563,21,54.6,1.5,0.974,True,11,11.25
Br F Li Si      ,0.158,0.546,21,52.9,1.75,0.966,True,12,11.0
Ce Cl F Li      ,0.148,0.576,21,40.3,15.5,0.049,True,13,24.75
Cl F In Li      ,0.208,0.409,21,40.3,3.25,0.103,True,4,12.5
Li N Se Zn      ,0.307,0.365,21,39.4,5.75,0.152,True,13,14.5
Al Br Li N      ,0.245,0.388,21,37.9,4.0,0.136,True,12,13.75
Cl Li Mg N      ,0.247,0.38,21,26.5,5.5,0.272,True,12,15.25
Cl Li Mo Te     ,0.169,0.486,21,24.0,8.25,0.224,False,6,18.0
Ga Li S Te      ,0.163,0.521,21,21.8,2.75,0.126,False,12,11.5
Li Mo S Te      ,0.172,0.417,21,21.8,8.5,0.448,False,13,17.25
Al I Li S       ,0.312,0.341,21,21.2,1.75,0.202,True,11,11.5
Br Li Sn Te     ,0.114,0.616,21,13.7,1.25,0.084,False,9,11.0
Ce Li Se Te     ,0.111,0.638,21,12.5,15.0,0.955,True,14,23.75
Br Cl Li Mo     ,0.162,0.545,21,9.0,8.75,0.047,True,13,18.0
Br Cl Li W      ,0.142,0.59,21,9.0,8.5,0.05,True,13,17.75
Cl K Li S       ,0.525,0.286,21,1.8,19.25,0.091,True,9,29.0
F Li Sn Te      ,0.162,0.572,22,73.9,1.75,0.157,True,0,11.5
F Gd Li S       ,0.142,0.602,22,42.9,15.5,0.297,True,12,25.25
Cl F Ge Li      ,0.156,0.575,22,40.3,2.25,0.159,True,9,11.5
Cl Li N W       ,0.218,0.417,22,26.5,9.5,0.004,True,10,19.25
I Li S Si       ,0.257,0.372,22,21.2,0.0,0.234,False,14,9.75
Ge Li Se Te     ,0.119,0.638,22,12.5,1.75,0.162,False,9,10.5
Cl Ga Li Se     ,0.153,0.581,22,10.2,2.25,0.08,True,14,12.0
Cl Li Se Zn     ,0.229,0.394,22,10.2,3.5,0.135,True,10,13.25
Cl Li Mg Se     ,0.17,0.488,22,10.2,3.75,0.207,True,11,13.5
Li Mg S Se      ,0.173,0.418,22,8.2,4.0,0.304,True,12,12.75
Br Li S Zn      ,0.233,0.392,22,7.1,3.0,0.13,True,12,12.75
Cl Li S Zr      ,0.343,0.333,22,1.8,9.5,0.947,True,5,19.25
Br In Li Se     ,0.166,0.533,22,1.1,1.75,0.062,False,13,11.5
Br Ge Li Se     ,0.112,0.693,22,1.1,0.75,0.148,False,12,10.5
Al Br Li Se     ,0.169,0.495,22,1.1,2.25,0.169,True,11,12.0
Li N Te Zn      ,0.314,0.374,23,56.8,6.0,0.141,True,8,14.75
Cl F Gd Li      ,0.139,0.668,23,40.3,16.75,0.134,True,14,26.0
Br Li N Si      ,0.189,0.418,23,37.9,2.25,0.229,True,6,12.0
Ga Li N S       ,0.233,0.406,23,28.8,4.25,0.103,True,14,13.0
Cl Gd Li N      ,0.17,0.545,23,26.5,17.25,0.274,True,9,27.0
Cl Li Te Zn     ,0.237,0.403,23,24.0,3.75,0.052,True,11,13.5
Li Mg S Te      ,0.181,0.427,23,21.8,4.25,0.295,False,12,13.0
Br Ge Li Te     ,0.12,0.702,23,13.7,1.0,0.137,False,13,10.75
Br Ce Li Te     ,0.112,0.703,23,13.7,14.25,0.213,True,12,24.0
In Li Se Te     ,0.173,0.475,23,12.5,2.75,0.077,False,15,11.5
Li Se Te W      ,0.152,0.608,23,12.5,8.5,0.972,False,11,17.25
F Li N Sb       ,0.188,0.424,23,10.9,2.75,0.249,True,10,11.0
F In Li N       ,0.286,0.38,23,10.9,4.0,0.456,True,10,13.75
Li S Se Ti      ,0.356,0.339,23,8.2,9.5,0.318,False,13,18.25
Br Ga Li S      ,0.156,0.579,23,7.1,1.75,0.111,True,14,11.5
Br Li Se W      ,0.145,0.664,23,1.1,7.5,0.964,False,15,17.25
Ce F Li Se      ,0.152,0.651,24,54.6,14.5,0.097,True,13,24.25
F Gd Li Se      ,0.143,0.741,24,54.6,15.75,0.131,True,13,25.5
Br F Li Sn      ,0.155,0.629,24,52.9,2.25,0.321,True,12,11.5
F Li Mo S       ,0.211,0.43,24,42.9,8.0,0.314,True,11,17.75
Gd Li N S       ,0.173,0.476,24,28.8,17.5,0.168,True,10,26.25
Cl K Li N       ,0.589,0.329,24,26.5,21.25,0.038,True,15,31.0
Ca Cl Li N      ,0.299,0.383,24,26.5,19.75,0.217,True,15,29.5
Cl Ga Li Te     ,0.16,0.589,24,24.0,2.5,0.192,True,13,12.25
Li S Te Ti      ,0.363,0.348,24,21.8,9.75,0.309,False,6,18.5
I In Li S       ,0.309,0.381,24,21.2,1.25,0.337,False,10,11.0
Al Li Se Te     ,0.176,0.436,24,12.5,3.25,0.183,False,14,12.0
Br Cl Li Mg     ,0.171,0.554,24,9.0,4.5,0.217,True,13,13.75
Br Cl Ga Li     ,0.154,0.646,24,9.0,3.0,0.425,True,14,12.25
Ca Li S Se      ,0.228,0.421,24,8.2,18.25,0.261,True,11,27.0
F Gd Li Te      ,0.151,0.75,25,73.9,16.0,0.237,True,12,25.75
F Ge Li Se      ,0.159,0.65,25,54.6,1.25,0.211,True,10,11.0
Br F Gd Li      ,0.144,0.804,25,52.9,16.5,0.462,True,11,25.75
F Li S Ti       ,0.398,0.361,25,42.9,9.25,0.193,True,15,19.0
Li N Se Sn      ,0.185,0.437,25,39.4,3.5,0.088,True,14,12.25
Ce Cl Li N      ,0.179,0.449,25,26.5,16.0,0.008,True,14,25.75
Ba Cl Li N      ,0.39,0.366,25,26.5,20.25,0.128,True,14,30.0
B Cl Li N       ,0.317,0.388,25,26.5,2.75,0.136,True,8,12.0
Cl Li N V       ,0.25,0.424,25,26.5,10.25,0.209,True,15,20.0
Al Cl I Li      ,0.309,0.412,25,23.4,3.0,0.187,True,13,12.25
Br Li Te W      ,0.153,0.673,25,13.7,7.75,0.958,False,12,17.5
Li Mo Se Te     ,0.173,0.563,25,12.5,8.75,0.47,False,15,17.5
Li S Se V       ,0.176,0.461,25,8.2,8.75,0.161,True,13,17.5
Br Li Mg S      ,0.174,0.486,25,7.1,3.25,0.282,True,12,13.0
Br Li Mo Se     ,0.166,0.62,25,1.1,7.75,0.459,False,12,17.5
Ce F Li Te      ,0.16,0.659,26,73.9,14.75,0.043,True,10,24.5
F Ge Li Te      ,0.167,0.658,26,73.9,1.5,0.377,True,16,11.25
Li N Sn Te      ,0.192,0.445,26,56.8,3.75,0.076,True,15,12.5
Br Ce F Li      ,0.153,0.715,26,52.9,15.25,0.119,True,13,24.5
F Li Mg S       ,0.22,0.44,26,42.9,3.75,0.192,True,12,13.5
Cl F Li Zn      ,0.274,0.416,26,40.3,4.75,0.082,True,2,14.0
Li N Se Ti      ,0.426,0.381,26,39.4,11.5,0.316,True,13,20.25
Br In Li N      ,0.243,0.427,26,37.9,3.5,0.025,True,14,13.25
Cl Ge Li N      ,0.187,0.448,26,26.5,2.75,0.974,True,7,12.5
Cl Li Mg Te     ,0.178,0.496,26,24.0,4.0,0.235,False,10,13.75
Cl I Li P       ,0.185,0.462,26,23.4,2.25,0.209,True,8,9.5
Li S Te V       ,0.184,0.469,26,21.8,9.0,0.151,True,14,17.75
Ca Li S Te      ,0.235,0.429,26,21.8,18.5,0.251,False,14,27.25
Al Br Li Te     ,0.177,0.504,26,13.7,2.5,0.158,True,16,12.25
F Li N Zn       ,0.35,0.387,26,10.9,5.5,0.171,True,12,15.25
Cl Li Se V      ,0.174,0.53,26,10.2,8.5,0.101,True,13,18.25
Ba Li S Se      ,0.322,0.403,26,8.2,18.75,0.176,True,15,27.5
B Li S Se       ,0.246,0.426,26,8.2,1.25,0.184,True,10,9.5
Al I Li N       ,0.383,0.384,27,56.1,3.75,0.199,True,17,13.5
I Li N P        ,0.264,0.433,27,56.1,2.5,0.981,True,11,10.75
Al F Li Se      ,0.215,0.449,27,54.6,2.75,0.196,True,16,12.5
Br F Ge Li      ,0.16,0.714,27,52.9,2.0,0.256,True,12,11.25
F Li S W        ,0.191,0.476,27,42.9,7.75,0.342,True,12,17.5
Ce Li N Se      ,0.183,0.527,27,39.4,16.5,0.18,True,14,25.25
Br Li N Sn      ,0.186,0.504,27,37.9,2.75,0.061,True,15,12.5
Li N S Ta       ,0.325,0.413,27,28.8,11.0,0.108,True,14,19.75
Li N S Sr       ,0.351,0.395,27,28.8,20.25,0.16,True,11,29.0
Ba Li S Te      ,0.329,0.412,27,21.8,19.0,0.166,True,11,27.75
B Li S Te       ,0.253,0.434,27,21.8,1.5,0.174,True,13,9.75
I Li S Zn       ,0.371,0.388,27,21.2,2.75,0.375,True,14,12.5
Br In Li Te     ,0.174,0.541,27,13.7,2.0,0.05,False,2,11.75
Ga Li Se Te     ,0.164,0.664,27,12.5,3.0,0.155,False,10,11.75
K Li S Se       ,0.528,0.367,27,8.2,19.75,0.251,True,10,28.5
Br Li S V       ,0.177,0.528,27,7.1,8.0,0.136,True,14,17.75
Cl Li S Sr      ,0.275,0.424,27,1.8,18.0,0.223,True,17,27.75
Cl Li S Ta      ,0.248,0.442,27,1.8,8.75,0.23,True,8,18.5
Br Ga Li Se     ,0.157,0.719,27,1.1,2.0,0.141,True,12,11.75
Al F Li Te      ,0.222,0.458,28,73.9,3.0,0.186,True,15,12.75
Li N Te Ti      ,0.432,0.39,28,56.8,11.75,0.306,False,16,20.5
I Li N Si       ,0.331,0.414,28,56.1,2.0,0.295,True,16,11.75
F In Li Se      ,0.212,0.487,28,54.6,2.25,0.481,True,16,12.0
Ca F Li S       ,0.273,0.442,28,42.9,18.0,0.264,True,17,27.75
Ge Li N Se      ,0.19,0.526,28,39.4,3.25,0.14,True,12,12.0
Gd Li N Se      ,0.174,0.62,28,39.4,17.75,0.157,True,14,26.5
Li Mo N Se      ,0.242,0.449,28,39.4,10.25,0.454,True,15,19.0
Cl Li Te V      ,0.181,0.538,28,24.0,8.75,0.077,True,17,18.5
Cl I Li Sb      ,0.209,0.494,28,23.4,2.75,0.226,True,14,9.33
Cl I Li Si      ,0.255,0.443,28,23.4,1.25,0.275,True,12,10.5
K Li S Te       ,0.534,0.376,28,21.8,20.0,0.241,True,15,28.75
Br Ga Li Te     ,0.165,0.728,28,13.7,2.25,0.13,False,15,12.0
Cl Li Se Ti     ,0.354,0.41,28,10.2,9.25,0.087,True,7,19.0
Br Cl Li V      ,0.175,0.596,28,9.0,9.25,0.032,True,12,18.5
Li S Se Zr      ,0.346,0.413,28,8.2,10.0,0.237,False,11,18.75
Br Li S Ti      ,0.357,0.408,28,7.1,8.75,0.297,True,14,18.5
F In Li Te      ,0.219,0.496,29,73.9,2.5,0.472,True,15,12.25
Ge Li N Te      ,0.198,0.534,29,56.8,3.5,0.129,True,15,12.25
Ce Li N Te      ,0.19,0.535,29,56.8,16.75,0.243,True,17,25.5
B F Li S        ,0.291,0.447,29,42.9,1.0,0.187,True,15,10.25
F Li S V        ,0.223,0.482,29,42.9,8.5,0.979,True,14,18.25
Cl F Li Mo      ,0.208,0.499,29,40.3,9.25,0.109,True,5,18.5
Cl F Li W       ,0.188,0.545,29,40.3,9.0,0.116,True,14,18.25
Br Li N Zn      ,0.307,0.434,29,37.9,5.0,0.127,True,16,14.75
Cl Li Te Ti     ,0.361,0.419,29,24.0,9.5,0.045,False,10,19.25
Li S Te Zr      ,0.353,0.422,29,21.8,10.25,0.227,True,17,19.0
Br Li Mo Te     ,0.174,0.629,29,13.7,8.0,0.451,False,16,17.75
Li Mg Se Te     ,0.182,0.573,29,12.5,4.5,0.32,False,13,13.25
F Li N Sn       ,0.231,0.458,29,10.9,3.25,0.207,True,16,13.0
F Li N Ti       ,0.466,0.403,29,10.9,11.25,0.207,False,16,21.0
Br Cl Li Zn     ,0.23,0.462,29,9.0,4.25,0.069,True,15,13.5
Gd Li N Te      ,0.182,0.629,30,56.8,18.0,0.155,True,13,26.75
Li Mo N Te      ,0.249,0.458,30,56.8,10.5,0.445,True,13,19.25
I In Li N       ,0.38,0.422,30,56.1,3.25,0.334,True,15,13.0
Al Br F Li      ,0.216,0.516,30,52.9,3.5,0.172,True,15,12.75
F K Li S        ,0.566,0.389,30,42.9,19.5,0.056,True,16,29.25
Ba F Li S       ,0.365,0.425,30,42.9,18.5,0.179,True,17,28.25
F Ga Li S       ,0.203,0.534,30,42.9,2.25,0.181,True,18,12.0
Cl F Li Mg      ,0.217,0.509,30,40.3,5.0,0.12,True,15,14.25
Li N Se W       ,0.222,0.496,30,39.4,10.0,0.96,True,9,18.75
Br Ce Li N      ,0.184,0.593,30,37.9,15.75,0.13,True,13,25.5
Cl Ga Li N      ,0.23,0.476,30,26.5,4.0,0.473,True,12,13.75
I Li S Ti       ,0.487,0.404,30,21.2,8.5,0.314,False,15,18.25
Ca Cl Li Se     ,0.225,0.49,30,10.2,18.0,0.247,True,16,27.75
Br Li Mg Se     ,0.175,0.63,30,1.1,3.5,0.308,True,14,13.25
I Li P Te       ,0.196,0.548,30,0.5,1.5,0.199,False,10,9.25
I Li N Zn       ,0.44,0.429,31,56.1,4.75,0.299,True,16,14.5
Br F In Li      ,0.213,0.554,31,52.9,3.0,0.064,True,12,12.25
F Li S Zr       ,0.388,0.435,31,42.9,9.75,0.274,True,15,19.5
Cl F Li Ti      ,0.396,0.432,31,40.3,10.5,0.096,True,18,19.75
K Li N Se       ,0.592,0.409,31,39.4,21.75,0.248,True,11,30.5
Li Mg N Se      ,0.25,0.459,31,39.4,6.0,0.301,True,14,14.75
Br Ge Li N      ,0.191,0.592,31,37.9,2.5,0.114,True,18,12.25
Br Gd Li N      ,0.175,0.685,31,37.9,17.0,0.143,True,18,26.75
Cl I In Li      ,0.306,0.451,31,23.4,2.5,0.005,True,17,11.75
Br Li Mg Te     ,0.183,0.638,31,13.7,3.75,0.298,False,16,13.5
Br I Li P       ,0.19,0.605,31,13.2,2.0,0.136,False,18,9.25
Li Se Te Zn     ,0.24,0.482,31,12.5,4.25,0.174,False,12,13.0
Li Se Te V      ,0.185,0.614,31,12.5,9.25,0.18,False,15,18.0
Br Ca Li S      ,0.229,0.488,31,7.1,17.5,0.239,True,13,27.25
Br Li Se V      ,0.178,0.67,31,1.1,8.25,0.166,False,14,18.0
K Li N Te       ,0.598,0.418,32,56.8,22.0,0.238,True,17,30.75
Li N Te W       ,0.229,0.504,32,56.8,10.25,0.954,True,19,19.0
F Li Mo Se      ,0.212,0.576,32,54.6,8.25,0.155,True,17,18.0
F Li Se W       ,0.192,0.62,32,54.6,8.0,0.21,True,14,17.75
Cl F Li V       ,0.22,0.551,32,40.3,9.75,0.127,True,14,19.0
Cl F Ga Li      ,0.2,0.602,32,40.3,3.5,0.145,True,14,12.75
Ba Li N Se      ,0.393,0.445,32,39.4,20.75,0.173,True,19,29.5
Cs Li N S       ,0.72,0.406,32,28.8,22.0,0.238,True,6,30.75
Ca Cl Li Te     ,0.233,0.499,32,24.0,18.25,0.237,True,19,28.0
Cl I Li Zn      ,0.369,0.458,32,23.4,4.0,0.435,True,3,13.25
I Li S Sn       ,0.254,0.459,32,21.2,0.5,0.224,False,3,10.25
I Li Sb Se      ,0.213,0.571,32,12.0,1.75,0.998,False,19,8.83
Cl K Li Se      ,0.526,0.437,32,10.2,19.5,0.112,True,17,29.25
B Cl Li Se      ,0.244,0.495,32,10.2,1.0,0.169,True,19,10.25
B Br Li S       ,0.247,0.493,32,7.1,0.5,0.16,True,14,9.75
Br K Li S       ,0.529,0.436,32,7.1,19.0,0.228,True,10,28.75
F Li Te W       ,0.199,0.629,33,73.9,8.25,0.161,True,17,18.0
F Li Mo Te      ,0.219,0.584,33,73.9,8.5,0.237,True,19,18.25
Ba Li N Te      ,0.4,0.454,33,56.8,21.0,0.162,True,16,29.75
I Li N Ti       ,0.552,0.445,33,56.1,10.5,0.28,True,15,20.25
Li N Se V       ,0.253,0.502,33,39.4,10.75,0.158,True,19,19.5
Ca Li N Se      ,0.303,0.462,33,39.4,20.25,0.258,True,8,29.0
Br Li N Ti      ,0.427,0.45,33,37.9,10.75,0.294,True,18,20.5
Br Li N W       ,0.223,0.562,33,37.9,9.25,0.946,True,11,19.0
B Cl Li Te      ,0.251,0.504,33,24.0,1.25,0.158,True,20,10.5
Cl K Li Te      ,0.532,0.446,33,24.0,19.75,0.935,True,20,29.5
Br Li Te V      ,0.186,0.679,33,13.7,8.5,0.155,True,15,18.25
Ce F Li N       ,0.229,0.548,33,10.9,16.25,0.124,True,15,26.0
F K Li N        ,0.629,0.431,33,10.9,21.5,0.249,True,17,31.25
Br Ca Cl Li     ,0.226,0.557,33,9.0,18.75,0.224,True,17,28.0
I Li Sb Te      ,0.22,0.579,33,0.5,2.0,0.371,False,18,9.08
Li Mg N Te      ,0.258,0.468,34,56.8,6.25,0.292,False,14,15.0
I Li N Sb       ,0.287,0.466,34,56.1,2.0,0.19,True,18,10.25
F Ga Li Se      ,0.204,0.676,34,54.6,2.5,0.132,True,15,12.25
F Li Mg Se      ,0.221,0.585,34,54.6,4.0,0.141,True,13,13.75
Br F Li W       ,0.193,0.685,34,52.9,8.75,0.148,True,14,18.0
Br F Li Mo      ,0.213,0.641,34,52.9,9.0,0.261,True,20,18.25
Ga Li N Se      ,0.233,0.553,34,39.4,4.5,0.133,True,9,13.25
Li N Se Zr      ,0.416,0.454,34,39.4,12.0,0.234,True,17,20.75
Br Li Mo N      ,0.243,0.517,34,37.9,9.5,0.434,True,16,19.25
Br I Li Sb      ,0.214,0.636,34,13.2,2.5,0.184,False,17,9.08
Br Li Se Zn     ,0.234,0.54,34,1.1,3.25,0.16,True,16,13.0
F Ga Li Te      ,0.211,0.684,35,73.9,2.75,0.313,True,17,12.5
F Li Mg Te      ,0.228,0.594,35,73.9,4.25,0.318,True,13,14.0
F I Li P        ,0.235,0.56,35,73.1,2.5,0.074,True,15,9.75
Li N Te V       ,0.261,0.51,35,56.8,11.0,0.147,True,20,19.75
Li N Te Zr      ,0.423,0.463,35,56.8,12.25,0.224,True,16,21.0
F Li Se V       ,0.224,0.626,35,54.6,8.75,0.195,True,14,18.5
Cl F K Li       ,0.564,0.459,35,40.3,20.75,0.09,True,11,30.0
B Li N Se       ,0.32,0.467,35,39.4,3.25,0.181,True,21,11.5
Br Li Mg N      ,0.251,0.526,35,37.9,5.25,0.279,True,21,15.0
Cl Li N Sr      ,0.348,0.466,35,26.5,20.0,0.122,True,9,29.75
I K Li S        ,0.647,0.431,35,21.2,18.75,0.485,True,18,28.5
F Li Mo N       ,0.287,0.471,35,10.9,10.0,0.161,True,20,19.75
F Ge Li N       ,0.236,0.547,35,10.9,3.0,0.317,True,16,12.75
F Gd Li N       ,0.221,0.641,35,10.9,17.5,0.509,True,17,27.25
Li S Se Ta      ,0.252,0.52,35,8.2,9.25,0.142,True,18,18.0
F Li Se Zn      ,0.278,0.494,36,54.6,3.75,0.226,True,19,13.5
Br F Li Mg      ,0.222,0.65,36,52.9,4.75,0.199,True,16,14.0
Br F Ga Li      ,0.205,0.74,36,52.9,3.25,0.311,True,19,12.5
Ca Cl F Li      ,0.27,0.512,36,40.3,19.25,0.25,True,1,28.5
Br Ga Li N      ,0.234,0.619,36,37.9,3.75,0.108,True,14,13.5
Li N S Sc       ,0.629,0.464,36,28.8,12.0,0.16,True,19,20.75
Cl I Li Sn      ,0.252,0.528,36,23.4,1.75,0.264,True,18,11.0
I Li Mo S       ,0.309,0.471,36,21.2,7.25,0.225,False,15,17.0
Br Li Te Zn     ,0.241,0.548,36,13.7,3.5,0.149,True,14,13.25
Ca Li Se Te     ,0.236,0.575,36,12.5,18.75,0.278,False,21,27.5
I Li Se Si      ,0.258,0.52,36,12.0,0.25,0.304,False,21,10.0
Ba F Li N       ,0.434,0.466,36,10.9,20.5,0.176,True,15,30.25
F Li N W        ,0.267,0.517,36,10.9,9.75,0.177,True,9,19.5
F Li Mg N       ,0.295,0.481,36,10.9,5.75,0.254,True,21,15.5
Cl Cs Li S      ,0.658,0.435,36,1.8,19.75,0.111,True,15,29.5
Br Ca Li Se     ,0.23,0.632,36,1.1,17.75,0.265,True,15,27.5
F Li Te V       ,0.231,0.635,37,73.9,9.0,0.162,True,19,18.75
Ga Li N Te      ,0.241,0.562,37,56.8,4.75,0.122,True,17,13.5
Ca Li N Te      ,0.31,0.471,37,56.8,20.5,0.248,True,18,29.25
Br F Li V       ,0.225,0.691,37,52.9,9.5,0.132,True,18,18.75
Li S Ta Te      ,0.259,0.528,37,21.8,9.5,0.131,True,16,18.25
Ba I Li S       ,0.455,0.467,37,21.2,17.75,0.213,True,21,27.5
Ce I Li S       ,0.252,0.548,37,21.2,13.5,0.446,True,18,23.25
Li S Se Sr      ,0.279,0.502,37,8.2,18.5,0.192,True,18,27.25
F Li Te Zn      ,0.285,0.503,38,73.9,4.0,0.179,True,19,13.75
I Li Mg S       ,0.317,0.481,38,21.2,3.0,0.094,True,18,12.75
Ge I Li S       ,0.259,0.547,38,21.2,0.25,0.209,False,10,10.0
Br Ca Li Te     ,0.237,0.641,38,13.7,18.0,0.255,False,18,27.75
Al I Li Se      ,0.312,0.491,38,12.0,2.0,0.229,True,18,11.75
Ba Cl Li Se     ,0.32,0.473,38,10.2,18.5,0.161,True,13,28.25
B Br Cl Li      ,0.245,0.562,38,9.0,1.75,0.144,True,19,10.5
Ba Br Li S      ,0.323,0.471,38,7.1,18.0,0.152,True,19,27.75
I Li Si Te      ,0.265,0.529,38,0.5,0.5,0.089,False,15,10.25
B Li N Te       ,0.327,0.476,39,56.8,3.5,0.17,True,17,11.75
Br Li N V       ,0.254,0.568,39,37.9,10.0,0.133,True,22,19.75
Cl Li N Ta      ,0.322,0.483,39,26.5,10.75,0.207,True,19,20.5
Li S Sr Te      ,0.286,0.511,39,21.8,18.75,0.181,True,17,27.5
Gd I Li S       ,0.244,0.642,39,21.2,14.75,0.208,True,17,24.5
Cl Li Se Ta     ,0.249,0.588,39,10.2,9.0,0.099,True,20,18.75
Br Li S Ta      ,0.253,0.586,39,7.1,8.5,0.116,True,20,18.25
B Br Li Se      ,0.248,0.637,39,1.1,0.75,0.189,True,19,10.0
Al I Li Te      ,0.319,0.499,39,0.5,2.25,0.219,False,17,12.0
I K Li N        ,0.708,0.472,40,56.1,20.75,0.482,True,17,30.5
Br F Li Zn      ,0.279,0.561,40,52.9,4.5,0.165,True,19,13.75
B Cl F Li       ,0.288,0.517,40,40.3,2.25,0.172,True,20,11.0
Ba Cl Li Te     ,0.327,0.482,40,24.0,18.75,0.15,True,19,28.5
Ce Cl I Li      ,0.25,0.616,40,23.4,14.75,0.088,True,16,24.0
Cl Gd I Li      ,0.241,0.707,40,23.4,16.0,0.213,True,11,25.25
Cl I Li Ti      ,0.484,0.474,40,23.4,9.75,0.418,True,18,19.0
B Li Se Te      ,0.254,0.58,40,12.5,1.75,0.202,False,19,10.0
F Li N Zr       ,0.457,0.476,40,10.9,11.75,0.252,False,21,21.5
Cl Li Se Sr     ,0.276,0.57,40,10.2,18.25,0.067,True,23,28.0
Br Cl Li Ti     ,0.355,0.478,40,9.0,10.0,0.11,True,10,19.25
Br Li S Zr      ,0.347,0.481,40,7.1,9.25,0.214,True,20,19.0
F I Li Sb       ,0.258,0.592,41,73.1,3.0,0.093,True,23,9.58
I Li N Sn       ,0.328,0.5,41,56.1,2.5,0.284,True,21,12.25
Cl Li Ta Te     ,0.257,0.596,41,24.0,9.25,0.048,True,14,19.0
I Li S Zr       ,0.477,0.476,41,21.2,9.0,0.226,True,16,18.75
I Li S W        ,0.29,0.517,41,21.2,7.0,0.255,False,19,16.75
Br I Li Si      ,0.259,0.586,41,13.2,1.0,0.203,True,21,10.25
I Li Se Sn      ,0.255,0.604,41,12.0,0.75,0.15,False,16,10.5
Gd I Li Se      ,0.245,0.78,41,12.0,15.0,0.235,True,17,24.75
F Ga Li N       ,0.278,0.574,41,10.9,4.25,0.175,True,6,14.0
Cl Li Se Zr     ,0.344,0.483,41,10.2,9.75,0.124,True,18,19.5
Br Cl Li Ta     ,0.25,0.653,41,9.0,9.75,0.072,True,17,19.0
Br Li S Sr      ,0.28,0.568,41,7.1,17.75,0.168,True,7,27.5
Ca F Li Se      ,0.274,0.588,42,54.6,18.25,0.29,True,19,28.0
F Li S Ta       ,0.296,0.541,42,42.9,9.0,0.346,True,22,18.75
Cl Li Sr Te     ,0.283,0.579,42,24.0,18.5,0.06,True,20,28.25
Cl Ge I Li      ,0.257,0.615,42,23.4,1.5,0.183,False,19,10.75
B Br Li Te      ,0.255,0.645,42,13.7,1.0,0.178,True,17,10.25
Br Gd I Li      ,0.246,0.842,42,13.2,15.75,0.212,True,10,25.0
Ce I Li Se      ,0.253,0.69,42,12.0,13.75,0.238,True,20,23.5
Ca F Li N       ,0.346,0.483,42,10.9,20.0,0.261,True,20,29.75
F Li N V        ,0.298,0.523,42,10.9,10.5,0.332,True,8,20.25
I Li Sn Te      ,0.262,0.612,42,0.5,1.0,0.075,False,21,10.75
Gd I Li Te      ,0.252,0.788,42,0.5,15.25,0.225,True,22,25.0
Ca F Li Te      ,0.281,0.596,43,73.9,18.5,0.28,True,11,28.25
Br Ca F Li      ,0.275,0.653,43,52.9,19.0,0.268,True,19,28.25
Br K Li N       ,0.592,0.477,43,37.9,21.0,0.225,True,17,30.75
Br Ca Li N      ,0.303,0.529,43,37.9,19.5,0.236,True,10,29.25
Cl Li Te Zr     ,0.35,0.491,43,24.0,10.0,0.084,False,22,19.75
Cl I Li W       ,0.287,0.585,43,23.4,8.25,0.421,True,22,17.5
I Li S V        ,0.32,0.523,43,21.2,7.75,0.161,True,22,17.5
Ga I Li S       ,0.301,0.575,43,21.2,1.5,0.203,True,17,11.25
Ca I Li S       ,0.367,0.484,43,21.2,17.25,0.295,True,9,27.0
Br I Li Sn      ,0.256,0.668,43,13.2,1.5,0.985,False,18,10.75
I In Li Se      ,0.31,0.528,43,12.0,1.5,0.361,False,14,11.25
B F Li N        ,0.363,0.489,43,10.9,3.0,0.184,True,20,12.25
Br Cl Li Sr     ,0.277,0.636,43,9.0,19.0,0.199,True,18,28.25
Br Li Se Ta     ,0.254,0.726,43,1.1,8.75,0.146,True,22,18.5
Al F I Li       ,0.355,0.512,44,73.1,3.25,0.232,True,20,12.5
F I Li Si       ,0.303,0.541,44,73.1,1.5,0.251,True,23,10.75
B F Li Se       ,0.292,0.593,44,54.6,1.25,0.215,True,17,10.5
F Li S Sr       ,0.323,0.523,44,42.9,18.25,0.174,True,12,28.0
Ba Cl F Li      ,0.363,0.495,44,40.3,19.75,0.164,True,20,29.0
B Br Li N       ,0.321,0.534,44,37.9,2.5,0.157,True,9,11.75
Cl Cs Li N      ,0.718,0.476,44,26.5,21.75,0.226,True,21,31.5
Cl I Li Mo      ,0.306,0.54,44,23.4,8.5,0.206,True,23,17.75
B I Li S        ,0.384,0.489,44,21.2,0.25,0.221,True,1,9.5
Br Ce I Li      ,0.254,0.753,44,13.2,14.5,0.094,True,15,23.75
Li Se Ta Te     ,0.26,0.671,44,12.5,9.75,0.16,False,9,18.5
Li Se Sr Te     ,0.287,0.654,44,12.5,19.0,0.209,True,24,27.75
I In Li Te      ,0.317,0.537,44,0.5,1.75,0.352,False,10,11.5
B F Li Te       ,0.299,0.601,45,73.9,1.5,0.205,True,19,10.75
B Br F Li       ,0.293,0.658,45,52.9,2.0,0.192,True,20,10.75
Cl F Li Ta      ,0.294,0.609,45,40.3,10.25,0.11,True,23,19.5
Cl I Li Mg      ,0.315,0.55,45,23.4,4.25,0.027,True,10,13.5
Li Se Te Ti     ,0.364,0.497,45,12.5,10.0,0.334,False,20,18.75
Ge I Li Se      ,0.26,0.689,45,12.0,0.5,0.199,False,16,10.25
I Li Se W       ,0.291,0.66,45,12.0,7.25,0.993,False,20,17.0
Ba Br Cl Li     ,0.321,0.54,45,9.0,19.25,0.136,True,12,28.5
Cl Li S Sc      ,0.565,0.493,45,1.8,9.75,0.953,True,21,19.5
F I Li Sn       ,0.299,0.624,46,73.1,2.0,0.265,True,12,11.25
I Li Mo N       ,0.38,0.512,46,56.1,9.25,0.286,True,7,19.0
F Li Se Ta      ,0.297,0.683,46,54.6,9.25,0.177,True,20,19.0
Cl F Li Zr      ,0.386,0.504,46,40.3,11.0,0.271,True,17,20.25
Li N Se Sr      ,0.351,0.543,46,39.4,20.5,0.189,True,22,29.25
Cl I K Li       ,0.645,0.501,46,23.4,20.0,0.039,True,12,29.25
Cl Ga I Li      ,0.298,0.642,46,23.4,2.75,0.323,True,21,12.0
Al Br I Li      ,0.313,0.557,46,13.2,2.75,0.206,True,14,12.0
Br I In Li      ,0.311,0.594,46,13.2,2.25,0.273,False,15,11.5
I Li Mo Se      ,0.31,0.616,46,12.0,7.5,0.176,False,19,17.25
I Li Se Zn      ,0.372,0.535,46,12.0,3.0,0.21,False,18,12.75
Br Cl Li Zr     ,0.344,0.549,46,9.0,10.5,0.057,True,18,19.75
Ge I Li Te      ,0.267,0.697,46,0.5,0.75,0.123,False,20,10.5
Ce I Li Te      ,0.261,0.698,46,0.5,14.0,0.222,True,12,23.75
F I In Li       ,0.353,0.55,47,73.1,2.75,0.126,True,16,12.0
Ba I Li N       ,0.521,0.508,47,56.1,19.75,0.21,True,22,29.5
I Li Mg N       ,0.388,0.522,47,56.1,5.0,0.281,True,16,14.75
F Li Se Ti      ,0.399,0.51,47,54.6,9.5,0.257,True,22,19.25
Li N Se Ta      ,0.326,0.56,47,39.4,11.25,0.138,True,21,20.0
Ba Br Li N      ,0.394,0.512,47,37.9,20.0,0.148,True,21,29.75
Cl I Li V       ,0.318,0.591,47,23.4,9.0,0.431,True,18,18.25
Br Li Ta Te     ,0.261,0.734,47,13.7,9.0,0.135,True,18,18.75
Ba Li Se Te     ,0.33,0.559,47,12.5,19.25,0.194,True,19,28.0
Br Cl K Li      ,0.527,0.505,47,9.0,20.25,0.152,True,18,29.5
Br Li Se Sr     ,0.281,0.71,47,1.1,18.0,0.196,True,22,27.75
I Li Te Zn      ,0.379,0.544,47,0.5,3.25,0.099,False,13,13.0
I Li Te W       ,0.298,0.668,47,0.5,7.5,0.112,False,22,17.25
I Li Mo Te      ,0.317,0.624,47,0.5,7.75,0.348,False,18,17.5
F Li Ta Te      ,0.304,0.691,48,73.9,9.5,0.144,True,22,19.25
F Li Te Ti      ,0.406,0.518,48,73.9,9.75,0.173,False,22,19.5
Ce F I Li       ,0.298,0.71,48,73.1,15.0,0.148,True,21,24.25
Li N Ta Te      ,0.332,0.569,48,56.8,11.5,0.127,True,20,20.25
Li N Sr Te      ,0.358,0.551,48,56.8,20.75,0.178,True,23,29.5
I Li N Zr       ,0.542,0.517,48,56.1,11.0,0.144,True,23,20.75
Ce I Li N       ,0.326,0.589,48,56.1,15.5,0.239,True,21,25.25
Cl F Li Sr      ,0.32,0.591,48,40.3,19.5,0.093,True,22,28.75
Br Li Sr Te     ,0.288,0.718,48,13.7,18.25,0.186,True,22,28.0
Br Ge I Li      ,0.261,0.753,48,13.2,1.25,0.185,False,24,10.5
Br I Li Mo      ,0.311,0.68,48,13.2,8.25,0.232,False,19,17.5
Li Se Te Zr     ,0.354,0.568,48,12.5,10.5,0.254,False,15,19.25
I Li Mg Se      ,0.318,0.625,48,12.0,3.25,0.204,True,23,13.0
Cs Li S Se      ,0.661,0.512,48,8.2,20.25,0.212,True,9,29.0
F Ge I Li       ,0.305,0.71,49,73.1,1.75,0.258,True,12,11.0
F Gd I Li       ,0.29,0.8,49,73.1,16.25,0.364,True,19,25.5
Ge I Li N       ,0.333,0.588,49,56.1,2.25,0.193,True,21,12.0
Gd I Li N       ,0.318,0.681,49,56.1,16.75,0.205,True,21,26.5
Br Li N Zr      ,0.417,0.521,49,37.9,11.25,0.211,False,21,21.0
Ca Cl I Li      ,0.365,0.553,49,23.4,18.5,0.281,True,19,27.75
Br I Li W       ,0.292,0.724,49,13.2,8.0,0.097,False,12,17.25
Ga I Li Se      ,0.302,0.715,49,12.0,1.75,0.193,False,12,11.5
I Li Se V       ,0.321,0.666,49,12.0,8.0,0.216,True,18,17.75
Ba Br Li Se     ,0.324,0.616,49,1.1,18.25,0.181,True,23,28.0
Br Li Se Ti     ,0.358,0.555,49,1.1,9.0,0.322,True,22,18.75
F I Li Zn       ,0.414,0.556,50,73.1,4.25,0.332,True,13,13.5
I Li N W        ,0.362,0.558,50,56.1,9.0,0.219,True,21,18.75
Ca I Li N       ,0.437,0.525,50,56.1,19.25,0.292,True,23,29.0
F Li Se Sr      ,0.324,0.666,50,54.6,18.5,0.333,True,16,28.25
Br F Li Ta      ,0.298,0.746,50,52.9,10.0,0.244,True,19,19.25
Br Li N Ta      ,0.326,0.625,50,37.9,10.5,0.113,True,17,20.25
Br Li N Sr      ,0.352,0.608,50,37.9,19.75,0.164,True,23,29.5
B Cl I Li       ,0.382,0.557,50,23.4,1.5,0.206,True,21,10.25
Cs Li S Te      ,0.667,0.521,50,21.8,20.5,0.143,True,22,29.25
Br I Li Mg      ,0.319,0.69,50,13.2,4.0,0.211,True,19,13.25
K Li Se Te      ,0.535,0.524,50,12.5,20.25,0.267,True,26,29.0
Ga I Li Te      ,0.309,0.723,50,0.5,2.0,0.116,False,20,11.75
I Li Mg Te      ,0.325,0.634,50,0.5,3.5,0.225,False,10,13.25
B I Li N        ,0.453,0.53,51,56.1,2.25,0.218,True,20,11.5
Hf Li N S       ,0.441,0.546,51,28.8,11.5,0.112,True,12,20.25
Ba Br Li Te     ,0.331,0.624,51,13.7,18.5,0.17,True,23,28.25
Br Li Te Ti     ,0.365,0.564,51,13.7,9.25,0.313,False,20,19.0
Br I Li V       ,0.322,0.73,51,13.2,8.75,0.08,True,19,18.0
Br Ga I Li      ,0.303,0.778,51,13.2,2.5,0.179,False,21,11.75
I Li Te V       ,0.328,0.674,51,0.5,8.25,0.123,False,22,18.0
F Li Sr Te      ,0.331,0.674,52,73.9,18.75,0.146,True,22,28.5
I Li N V        ,0.391,0.564,52,56.1,9.75,0.111,True,24,19.5
Ba F Li Se      ,0.366,0.571,52,54.6,18.75,0.208,True,22,28.5
Br F Li Sr      ,0.324,0.73,52,52.9,19.25,0.163,True,23,28.5
Ba Cl I Li      ,0.453,0.536,52,23.4,19.0,0.198,True,20,28.25
Br Li Se Zr     ,0.348,0.625,52,1.1,9.5,0.242,True,22,19.25
F I Li Mo       ,0.353,0.637,53,73.1,8.75,0.132,True,22,18.0
F I Li W        ,0.334,0.681,53,73.1,8.5,0.318,True,23,17.75
F K Li Se       ,0.567,0.536,53,54.6,19.75,0.17,True,20,29.5
Cl Li N Sc      ,0.627,0.533,53,26.5,11.75,0.129,True,23,21.5
Cl I Li Zr      ,0.475,0.545,53,23.4,10.25,0.204,True,21,19.5
Br Li Te Zr     ,0.355,0.633,53,13.7,9.75,0.232,True,22,19.5
F Li N Ta       ,0.368,0.581,53,10.9,11.0,0.108,True,21,20.75
F Li N Sr       ,0.394,0.564,53,10.9,20.25,0.268,True,22,30.0
Cl Hf Li S      ,0.37,0.574,53,1.8,9.25,0.082,True,19,19.0
F K Li Te       ,0.573,0.545,54,73.9,20.0,0.192,True,22,29.75
Ba F Li Te      ,0.373,0.58,54,73.9,19.0,0.197,True,24,28.75
F I Li Mg       ,0.361,0.646,54,73.1,4.5,0.143,True,24,13.75
Ba Br F Li      ,0.367,0.636,54,52.9,19.5,0.184,True,17,28.75
Br F Li Ti      ,0.4,0.576,54,52.9,10.25,0.202,True,25,19.5
Cs F Li S       ,0.697,0.534,54,42.9,20.0,0.164,True,24,29.75
I Li S Sr       ,0.415,0.564,54,21.2,17.5,0.255,True,23,27.25
Ca I Li Se      ,0.368,0.628,54,12.0,17.5,0.32,True,18,27.25
I Li Se Ti      ,0.487,0.551,54,12.0,8.75,0.366,True,22,18.5
F Ga I Li       ,0.345,0.735,55,73.1,3.0,0.146,True,23,12.25
F I Li V        ,0.364,0.686,55,73.1,9.25,0.304,True,21,18.5
F Li Se Zr      ,0.389,0.58,55,54.6,10.0,0.215,True,27,19.75
Br I Li Zn      ,0.373,0.601,55,13.2,3.75,0.115,True,22,13.0
I Li Te Ti      ,0.494,0.559,55,0.5,9.0,0.092,False,15,18.75
F I Li Ti       ,0.527,0.572,56,73.1,10.0,0.27,False,24,19.25
Ga I Li N       ,0.373,0.614,56,56.1,3.5,0.187,True,16,13.25
Cs Li N Se      ,0.721,0.553,56,39.4,22.25,0.171,True,24,31.0
I Li S Ta       ,0.39,0.582,56,21.2,8.25,0.245,True,19,18.0
Br Ca I Li      ,0.369,0.692,56,13.2,18.25,0.299,True,24,27.5
Li S Sc Se      ,0.568,0.569,56,8.2,10.25,0.192,True,27,19.0
F Li Te Zr      ,0.396,0.589,57,73.9,10.25,0.172,True,28,20.0
Cs Li N Te      ,0.726,0.561,57,56.8,22.5,0.186,True,5,31.25
Li S Sc Te      ,0.574,0.578,57,21.8,10.5,0.181,False,25,19.25
B I Li Se       ,0.385,0.633,57,12.0,0.5,0.248,True,25,9.75
I K Li Se       ,0.648,0.577,57,12.0,19.0,0.507,True,24,28.75
Cl Hf Li Se     ,0.37,0.714,57,10.2,9.5,0.001,True,24,19.25
Hf Li S Se      ,0.373,0.649,57,8.2,9.75,0.285,True,23,18.5
Br K Li Se      ,0.53,0.581,57,1.1,19.25,0.255,True,23,29.0
Ca I Li Te      ,0.375,0.636,57,0.5,17.75,0.311,True,25,27.5
Br F Li Zr      ,0.39,0.645,58,52.9,10.75,0.154,True,24,20.0
Cl I Li Ta      ,0.387,0.648,58,23.4,9.5,0.281,True,26,18.75
Hf Li S Te      ,0.38,0.657,58,21.8,10.0,0.31,True,23,18.75
Br K Li Te      ,0.536,0.59,58,13.7,19.5,0.245,True,24,29.25
Cs F Li N       ,0.756,0.574,58,10.9,22.0,0.16,True,26,31.75
Cl Cs Li Se     ,0.659,0.581,58,10.2,20.0,0.128,True,23,29.75
Br Cl Hf Li     ,0.371,0.777,58,9.0,10.25,0.009,True,24,19.5
Br Cs Li S      ,0.662,0.579,58,7.1,19.5,0.118,True,24,29.25
Br Hf Li S      ,0.374,0.713,58,7.1,9.0,0.34,True,7,18.75
B I Li Te       ,0.392,0.641,58,0.5,0.75,0.238,True,26,10.0
I K Li Te       ,0.654,0.586,58,0.5,19.25,0.499,True,26,29.0
Ca F I Li       ,0.41,0.649,59,73.1,18.75,0.323,True,25,28.0
I Li N Sr       ,0.482,0.604,59,56.1,19.5,0.309,True,10,29.25
Br F K Li       ,0.568,0.602,59,52.9,20.5,0.177,True,25,29.75
F Li S Sc       ,0.605,0.59,59,42.9,10.0,0.283,True,25,19.75
Cl Hf Li N      ,0.439,0.613,59,26.5,11.25,0.061,True,21,21.0
Cl Hf Li Te     ,0.377,0.723,59,24.0,9.75,0.02,True,25,19.5
Cl Cs Li Te     ,0.665,0.589,59,24.0,20.25,0.115,True,25,30.0
Cl I Li Sr      ,0.412,0.631,59,23.4,18.75,0.29,True,25,28.0
Cs I Li S       ,0.773,0.574,59,21.2,19.25,0.153,True,27,29.0
B Br I Li       ,0.386,0.697,59,13.2,1.25,0.225,True,25,10.0
Ba I Li Se      ,0.456,0.612,59,12.0,18.0,0.24,True,27,27.75
Br Hf Li Se     ,0.375,0.849,59,1.1,9.25,0.488,True,24,19.0
F I K Li        ,0.684,0.598,60,73.1,20.25,0.113,True,12,29.5
B F I Li        ,0.426,0.653,60,73.1,1.75,0.251,True,26,10.5
I Li N Ta       ,0.458,0.621,60,56.1,10.25,0.3,True,27,20.0
F Hf Li S       ,0.414,0.669,60,42.9,9.5,0.224,True,26,19.25
Li N Sc Se      ,0.63,0.609,60,39.4,12.25,0.189,True,24,21.0
Br I Li Ti      ,0.488,0.616,60,13.2,9.5,0.276,True,23,18.75
Hf Li Se Te     ,0.381,0.795,60,12.5,10.25,0.301,True,26,19.0
I Li Se Ta      ,0.39,0.722,60,12.0,8.5,0.197,True,26,18.25
Ba I Li Te      ,0.462,0.62,60,0.5,18.25,0.23,True,23,28.0
Li N Sc Te      ,0.636,0.618,61,56.8,12.5,0.178,True,26,21.25
Cl Cs F Li      ,0.695,0.601,61,40.3,21.25,0.303,True,24,30.5
Hf Li N Se      ,0.442,0.688,61,39.4,11.75,0.099,True,29,20.5
Br Hf Li Te     ,0.381,0.857,61,13.7,9.5,0.288,True,25,19.25
Br I Li Ta      ,0.391,0.785,61,13.2,9.25,0.197,True,25,18.5
Ba Br I Li      ,0.457,0.676,61,13.2,18.75,0.217,True,24,28.0
I Li Se Sr      ,0.415,0.705,61,12.0,17.75,0.245,True,26,27.5
I Li Se Zr      ,0.478,0.621,61,12.0,9.25,0.288,True,23,19.0
I Li Ta Te      ,0.397,0.73,61,0.5,8.75,0.095,True,27,18.5
Hf Li N Te      ,0.448,0.696,62,56.8,12.0,0.129,True,30,20.75
Cl F Hf Li      ,0.412,0.735,62,40.3,10.75,0.086,True,28,20.0
Br Cs Li N      ,0.721,0.618,62,37.9,21.5,0.179,True,26,31.25
Br I Li Zr      ,0.479,0.685,62,13.2,10.0,0.103,True,27,19.25
I Li Sr Te      ,0.422,0.714,62,0.5,18.0,0.107,True,26,27.75
I Li Te Zr      ,0.484,0.629,62,0.5,9.5,0.129,True,25,19.25
Ba F I Li       ,0.496,0.632,63,73.1,19.25,0.243,True,26,28.5
F I Li Sr       ,0.456,0.726,63,73.1,19.0,0.254,True,30,28.25
F I Li Ta       ,0.432,0.742,63,73.1,9.75,0.28,True,26,19.0
Cs I Li N       ,0.83,0.614,63,56.1,21.25,0.206,True,28,31.0
F Hf Li Se      ,0.415,0.807,63,54.6,9.75,0.301,True,27,19.5
Br I Li Sr      ,0.416,0.768,63,13.2,18.5,0.35,True,26,27.75
F Li N Sc       ,0.667,0.63,63,10.9,12.0,0.073,True,27,21.75
F Hf Li N       ,0.482,0.708,63,10.9,11.5,1.0,True,26,21.25
F Hf Li Te      ,0.422,0.815,64,73.9,10.0,0.11,True,26,19.75
F I Li Zr       ,0.517,0.641,64,73.1,10.5,0.323,True,25,19.75
Br F Hf Li      ,0.416,0.868,64,52.9,10.5,0.241,True,24,19.75
Br Hf Li N      ,0.443,0.751,64,37.9,11.0,0.103,True,27,20.75
Hf I Li S       ,0.502,0.708,64,21.2,8.75,0.149,True,27,18.5
I Li S Sc       ,0.685,0.63,64,21.2,9.25,0.272,True,25,19.0
Cl Li Sc Se     ,0.565,0.636,64,10.2,10.0,0.212,True,23,19.75
Br Li S Sc      ,0.568,0.634,64,7.1,9.5,0.168,True,27,19.25
Cl Li Sc Te     ,0.572,0.645,65,24.0,10.25,0.138,True,29,20.0
Cl Hf I Li      ,0.5,0.773,65,23.4,10.0,0.075,True,26,19.25
Cl Cs I Li      ,0.771,0.641,65,23.4,20.5,0.142,True,29,29.75
Br I K Li       ,0.649,0.642,65,13.2,19.75,0.102,True,27,29.0
Br Cl Li Sc     ,0.566,0.7,65,9.0,10.75,0.939,True,27,20.0
Hf I Li N       ,0.567,0.747,66,56.1,10.75,0.146,True,28,20.5
Cl F Li Sc      ,0.603,0.657,66,40.3,11.25,0.155,True,27,20.5
Li Sc Se Te     ,0.574,0.718,66,12.5,10.75,0.21,False,25,19.5
Hf I Li Se      ,0.503,0.845,66,12.0,9.0,0.178,True,28,18.75
Br Cl Cs Li     ,0.66,0.646,66,9.0,20.75,0.268,True,30,30.0
F Li Sc Se      ,0.606,0.73,67,54.6,10.25,0.163,True,27,20.0
Br Li N Sc      ,0.631,0.674,67,37.9,11.5,0.165,True,31,21.25
Li N Rb S       ,0.898,0.649,67,28.8,21.75,0.019,True,27,30.5
Br Hf I Li      ,0.504,0.906,67,13.2,9.75,0.154,True,31,19.0
Cs Li Se Te     ,0.668,0.664,67,12.5,20.75,0.159,True,28,29.5
Br Li Sc Se     ,0.569,0.773,67,1.1,9.75,0.196,True,26,19.5
Hf I Li Te      ,0.509,0.853,67,0.5,9.25,0.168,True,27,19.0
F Li Sc Te      ,0.612,0.739,68,73.9,10.5,0.337,True,30,20.25
F Hf I Li       ,0.542,0.864,68,73.1,10.25,0.229,True,30,19.5
I Li N Sc       ,0.744,0.67,68,56.1,11.25,0.269,True,28,21.0
Cs F Li Se      ,0.698,0.676,68,54.6,20.25,0.192,True,30,30.0
Cl I Li Sc      ,0.683,0.696,68,23.4,10.5,0.261,True,27,19.75
Br Li Sc Te     ,0.575,0.781,68,13.7,10.0,0.186,True,28,19.75
Br Cs Li Se     ,0.663,0.719,68,1.1,19.75,0.066,True,28,29.5
Cs F Li Te      ,0.703,0.684,69,73.9,20.5,0.182,True,29,30.25
Br F Li Sc      ,0.607,0.793,69,52.9,11.0,0.169,True,31,20.25
Br Cs Li Te     ,0.668,0.727,69,13.7,20.0,0.258,True,31,29.75
Br Cs F Li      ,0.698,0.739,70,52.9,21.0,0.168,True,26,30.25
Cs I Li Se      ,0.774,0.715,70,12.0,19.5,0.14,True,29,29.25
I Li Sc Se      ,0.686,0.769,70,12.0,9.5,0.221,True,29,19.25
Cl Li Rb S      ,0.841,0.676,70,1.8,19.5,0.176,True,32,29.25
Br I Li Sc      ,0.686,0.831,71,13.2,10.25,0.354,True,31,19.5
Cs I Li Te      ,0.78,0.723,71,0.5,19.75,0.169,True,30,29.5
I Li Sc Te      ,0.691,0.777,71,0.5,9.75,0.298,True,29,19.5
F I Li Sc       ,0.721,0.789,72,73.1,10.75,0.081,True,29,20.0
Cs F I Li       ,0.808,0.735,72,73.1,20.75,0.228,True,32,30.0
Cl Li N Rb      ,0.896,0.715,72,26.5,21.5,0.108,True,32,31.25
Br Cs I Li      ,0.775,0.778,72,13.2,20.25,0.145,True,33,29.5
Cl Li Rb Se     ,0.842,0.813,73,10.2,19.75,0.125,True,32,29.5
Li Rb S Se      ,0.844,0.749,73,8.2,20.0,0.056,True,32,28.75
Li Rb S Te      ,0.849,0.757,74,21.8,20.25,0.044,True,33,29.0
Br Cl Li Rb     ,0.842,0.875,74,9.0,20.5,0.283,True,30,29.75
Br Li Rb S      ,0.844,0.811,74,7.1,19.25,0.028,True,33,29.0
F Li Rb S       ,0.877,0.769,75,42.9,19.75,0.201,True,33,29.5
Cl Li Rb Te     ,0.847,0.821,75,24.0,20.0,0.305,True,31,29.75
Br Li Rb Se     ,0.845,0.944,75,1.1,19.5,0.061,True,32,29.25
Cl F Li Rb      ,0.875,0.833,76,40.3,21.0,0.138,True,34,30.25
Li N Rb Se      ,0.899,0.787,76,39.4,22.0,0.052,True,34,30.75
Li Rb Se Te     ,0.85,0.892,76,12.5,20.5,0.076,True,34,29.25
Li N Rb Te      ,0.904,0.795,77,56.8,22.25,0.04,True,34,31.0
F Li Rb Se      ,0.877,0.903,77,54.6,20.0,0.191,True,33,29.75
Br Li N Rb      ,0.899,0.849,77,37.9,21.25,0.024,True,35,31.0
Br Li Rb Te     ,0.85,0.952,77,13.7,19.75,0.049,True,35,29.5
F Li Rb Te      ,0.883,0.911,78,73.9,20.25,0.223,True,35,30.0
Br F Li Rb      ,0.878,0.963,78,52.9,20.75,0.149,True,35,30.0
F Li N Rb       ,0.931,0.807,78,10.9,21.75,0.269,True,34,31.5
Cl I Li Rb      ,0.945,0.871,79,23.4,20.25,0.236,True,34,29.5
I Li Rb S       ,0.947,0.807,79,21.2,19.0,0.983,True,30,28.75
I Li N Rb       ,1.0,0.845,80,56.1,21.0,0.344,True,35,30.75
I Li Rb Se      ,0.948,0.94,80,12.0,19.25,0.347,True,31,29.0
Br I Li Rb      ,0.949,1.0,81,13.2,20.0,0.232,True,32,29.25
I Li Rb Te      ,0.953,0.948,81,0.5,19.5,0.193,True,35,29.25
F I Li Rb       ,0.98,0.959,82,73.1,20.5,0.061,True,36,29.75
